english,polish,ID
ambiguity,dwuznaczność,2
forensic,kryminalistycznych,3
spared,oszczędzony,4
deteriorating,pogarszający się,5
revamping,przebudowa,6
"diversity, equity, and inclusion","różnorodność, równość i integracja",7
conduct,przeprowadzić,8
concatenate,powiązać,9
trigger,wyzwalacz,10
sustain,ponieść,11
wackos,wariaci,12
concealment,ukrywanie,13
concealed,ukryty,14
spacey,kosmiczny,15
unsatisfied.,niezadowolony.,16
affirmative,twierdzący,17
the caveat of the competition,zastrzeżenie dotyczące konkurencji,18
retard alert,ostrzeżenie dla debili,19
"despite strict gun laws, the western balkans, composed of serbia, montenegro, bosnia, albania, kosovo and north macedonia, remain awash with weapons. most are from the wars in the 1990s, but some date back even to world war one.","pomimo surowych przepisów dotyczących broni, bałkany zachodnie, składające się z serbii, czarnogóry, bośni, albanii, kosowa i macedonii północnej, wciąż są zalane bronią. większość pochodzi z wojen z lat 90., ale niektóre sięgają nawet czasów i wojny światowej.",20
parasite,pasożyt,21
callous,nieczuły,22
we should say any wiggle room whatsoever,"powinniśmy powiedzieć, że mamy jakiekolwiek pole manewru",23
why he's gonna withhold judgment steer clear of all this stuff,"dlaczego powstrzyma się od osądu, trzymaj się z daleka od tego wszystkiego",24
his predecessor and now successor,"jego poprzednik, a teraz następca",25
take a hands-off,nie dotykać,26
by upending,przez wywrócenie,27
head off any,odgoń każdego,28
travel to retreat,podróż w celu wycofania się,29
duvet,kołdra,30
pinnacle,szczyt,31
pinnacle of success,szczyt sukcesu,32
"if you fear death, why do you pursue death?","jeśli boisz się śmierci, dlaczego ją gonisz?",33
she also had a cryptic pregnancy,miała także tajemniczą ciążę,34
"reason 1: productivity could skyrocket.

we’ve been forcing ourselves into unnatural work patterns.

siffre’s findings suggest we’d be more productive with longer bursts of focus followed by deeper rest.

the 9-to-5 grind may be holding us back more than we know.","powód 1: produktywność może gwałtownie wzrosnąć.

zmuszamy się do nienaturalnych wzorców pracy.

odkrycia siffre'a sugerują, że bylibyśmy bardziej produktywni, gdyby okresy skupienia były dłuższe, a następnie nastąpił głębszy odpoczynek.

harmonia od 9 do 5 może nas powstrzymywać bardziej, niż nam się wydaje.",35
heaped” tablespoon,łyżka stołowa czubata,36
leapt,skoczył,37
but also why your perspective is valid,ale także dlaczego twoja perspektywa jest słuszna,38
evidence is circumstantial and does not definitively prove guilt.,dowody są poszlakowe i nie dowodzą ostatecznie winy.,39
deviated septum,odchylona przegroda,40
submit move,prześlij ruch,41
implied,ukryty,42
enhance,wzmacniać,43
"women's sexual desire is significantly higher than men's.

as chanakya said

women are twice as hungry (2x), 

shyness fourfold (4x), 

audacity sixfold (6x) 

and lust eight times (8x)","pożądanie seksualne kobiet jest znacznie wyższe niż mężczyzn.

jak powiedział chanakya

kobiety są dwa razy bardziej głodne (2x), 

nieśmiałe czterokrotnie (4x), 

odważne sześciokrotnie (6x) 

a pożądanie osiem razy (8x)",44
parse it,przetworzyć to,45
before it tries to parse it,zanim spróbuje to przeanalizować,46
we need to dismiss all of these modal pop-ups.,musimy zamknąć wszystkie te wyskakujące okienka.,47
"lenient laws on juvenile crime,","łagodne prawo dotyczące przestępczości nieletnich,",48
scold,nakrzyczeć,49
preventable,można zapobiec,50
throwaway,wyrzucać,51
exhausted,wyczerpany,52
munitions,amunicja,53
altering,zmiana,54
attainable attainable,osiągalny osiągalny,55
revenue,przychód,56
enhance interrogation technique,udoskonalić technikę przesłuchań,57
make it on time,zdążyć,58
distortion,zniekształcenie,59
collateral against the victim,zabezpieczenie przeciwko ofierze,60
illicit,nielegalny,61
ruth,litość,62
scooted,skoki,63
squinting when reading,mrużenie oczu podczas czytania,64
"you'll see the atom editor in some of the videos, this software is now being sunsetted by github and in the coming months all the videos will update to use vs code. but if you hear me say ""open atom"" or ""inside the atom editor do..."" just know that you should now use vs code.","w niektórych filmach zobaczysz edytor atom, to oprogramowanie jest obecnie wycofywane przez github, a w nadchodzących miesiącach wszystkie filmy zostaną zaktualizowane, aby używać vs code. ale jeśli usłyszysz, jak mówię „otwórz atom” lub „wewnątrz edytora atom zrób...” wiedz, że powinieneś teraz używać vs code.",65
mitten,rękawica,66
persevered,wytrwały,67
swish,śmigać,68
gripping pages,strony trzymające w napięciu,69
token have surget,token ma wzrost,70
surget,wzburzyć,71
defiant,wyzywający,72
"should tumble and fall
or the mountains
should crumble to the sea","powinny się przewrócić i spaść
albo góry
powinny się rozsypać do morza",73
a girls body in china was riddled with parasites after eating raw pork for 10 years,ciało dziewczynki w chinach było pełne pasożytów po 10 latach jedzenia surowej wieprzowiny,74
"i know this yarn that’s being spun in this hall that he was popular and selfless and handing on. no, no, no. it is the opposite, and everybody knows it","wiem, że ta historia, która jest opowiadana w tej sali, że był popularny, bezinteresowny i przekazywał dalej. nie, nie, nie. jest odwrotnie i każdy to wie.",75
i sustained an injury i simply couldn’t recover from,"doznałem urazu, z którego po prostu nie mogłem się wyleczyć",76
come up with,wymyślić,77
"donald trump is a dumb person's idea of a smart person, and a poor person's idea of a rich person.","donald trump jest dla głupca wyobrażeniem osoby mądrej, a dla biedaka wyobrażeniem osoby bogatej.",78
whiskers,wąsy,79
parse,analizować,80
she was able to recite.,potrafiła recytować.,81
inadvertently,nieumyślnie,82
because he waived his inheritance,ponieważ zrzekł się swojego dziedzictwa,83
javelin,oszczep,84
to be dope,być zajebistym,85
equestrian,konny,86
what can’t be unburdened by what has been,"czego nie można odciążyć tym, co było",87
"law enforcement sources contradict the secret service, detailing a lack of local police presence in the building.","źródła organów ścigania zaprzeczają secret service, podając szczegóły dotyczące braku obecności lokalnej policji w budynku.",88
disastrous,fatalny,89
decisive enabler’,decydujący czynnik umożliwiający”,90
outskirts,peryferie,91
some kind of layup,jakiś układ,92
staggered pattern.,wzór schodkowy.,93
"including extreme sedation, respiratory depression, addiction, coma, and death.","łącznie z ekstremalną sedacją, depresją oddechową, uzależnieniem, śpiączką i śmiercią.",94
slange,hose,95
abduction,uprowadzenie,96
getting hitchhiked,zlapanie stopa,97
plane hijacking,porwanie samolotu,98
your sleep apnea,twój bezdech senny,99
malfunction,awaria,100
juvenile,nieletni,101
shins,golenie,102
comply,zastosować się,103
encampment,obozowisko,104
divest,pozbyć się,105
it's done beyond the pale,to jest zrobione nie do poznania,106
bundlet,pakiet,107
reconcile,pogodzić,108
omnivore,wszystkożerny,109
weaponization,uzbrojenie,110
lesions,uszkodzenia,111
it's so audacious.,to takie odważne.,112
"“she discharged her firearm, and that person is now deceased",„wystrzeliła z broni palnej i ta osoba nie żyje,113
and it can be learnt,i tego można się nauczyć,114
diffs,różnice,115
then that week will feel really substantial,wtedy ten tydzień będzie naprawdę znaczący,116
mock women,kpić z kobiet,117
bloodwork,morfologia krwi,118
arson,podpalenie,119
expand,zwiększać,120
canvas,płótno,121
contradiction,motsigelse,122
heiress,dziedziczka,123
slug,mordersnegle,124
slug,ślimak,125
snap down,zatrzaśnij się,126
dispensed,wydawane,127
turmoil,zamieszanie,128
should be immune from any criticism,powinien być odporny na jakąkolwiek krytykę,129
wobbly,chwiejny,130
spineless joe biden is inching toward a full betrayal of israel,bezkręgowy joe biden zmierza w stronę całkowitej zdrady izraela,131
issuance,wydanie,132
capstone,zwieńczenie,133
siphoned,wyssany,134
indictment,akt oskarżenia,135
deed,czyn,136
revelation,objawienie,137
paw prints,odciski łap,138
ayala was born with a distinctive high-pitched voice,ayala urodziła się z charakterystycznym wysokim głosem,139
cog,koło zębate,140
what is the average air speed velocity of laden swallow,jaka jest średnia prędkość lotu obciążonej jaskółki,141
irrelevant,nieistotny,142
thaw,odwilż,143
indentation,wcięcie,144
atrocities,okrucieństwa,145
edemas,obrzęki,146
shrapnel,szrapnel,147
open gash,otwarta rana,148
shuttered,zamknięte,149
he goes into his spaced-out mode,przechodzi w swój tryb rozproszony,150
"fury likes to be the captain of his own ship, and he thinks the whole world revolves around what he says, and for a time, it definitely did","fury lubi być kapitanem własnego statku i uważa, że ​​cały świat kręci się wokół tego, co mówi, i przez jakiś czas zdecydowanie tak było",151
"age, weight gain, and soft living robbed fury of his ability to move, and he now depends on his size to maul the opposition that his management digs up for him","wiek, przyrost masy ciała i wygodne życie pozbawiły fury'ego możliwości poruszania się i teraz polega na swoim rozmiarze, aby pokonać przeciwników, których szuka dla niego jego kierownictwo",152
foot the bill,wybulić forsę,153
sanity,zdrowy rozsądek,154
vanities,próżności,155
take them off of upwork,zdejmij ich z pracy,156
misery and indignity,nędza i poniżenie,157
for curbing population growth,w celu ograniczenia wzrostu populacji,158
but let’s avoid the rose-tinted glasses,unikajmy jednak różowych okularów,159
of modern contraceptives,nowoczesnych środków antykoncepcyjnych,160
impersonated soldier,podszywający się pod żołnierza,161
headed commission,kierował komisją,162
friction,tarcie,163
retaliates,bierze odwet,164
gobble,pożerać,165
perks,gratisy,166
pillaging,plądrowanie,167
terminate,zakończyć,168
belligerents,wojownicze,169
mansion,rezydencja,170
grand theft,wielka kradzież,171
attacked by neighbor in assault,zaatakowany przez sąsiada podczas napaści,172
harassed,prześladowany,173
dwellers,mieszkańcy,174
"self-defense can be fierce because the brain goes into survival mode, and that fear response is sadly heightened for unhoused people, like mr. doty, who live in constant exposure","samoobrona może być zaciekła, ponieważ mózg przechodzi w tryb przetrwania, a reakcja strachu jest niestety wzmożona w przypadku osób bezdomnych, takich jak pan doty, którzy żyją w ciągłym narażeniu.",175
serfdom,panszczyzna,176
jackal,szakal,177
fistful,garść,178
fizzled,wygasło,179
swollen shut,"spuchnięty, zamknięty",180
adultery,cudzołóstwo,181
wack,gówno,182
radiation exposure,narażenie na promieniowanie,183
he was angered by zionist refusals to cooperate with arabs,rozgniewał go syjonistyczny odmowa współpracy z arabami,184
the first secret zionist report about him refers to his ranting anti-arab remarks made at a party,pierwszy tajny raport syjonistyczny na jego temat odnosi się do jego tyrady antyarabskiej wygłaszanej na przyjęciu,185
ardent,żarliwy,186
one might call it a natural habitat for this cranky man,można by nazwać to naturalnym środowiskiem tego zrzędliwego mężczyzny,187
false modesty was never one of his faults,fałszywa skromność nigdy nie była jego wadą,188
collateral of damage,zabezpieczenie szkody,189
evade,uchylać się,190
conduct,prowadzić,191
treacherous,zdradziecki,192
cartilage in the knee,chrząstka w kolanie,193
valve,zawór,194
bailing water out,odprowadzanie wody,195
was the heir apparent to the late steve jobs.,był następcą zmarłego steve’a jobsa.,196
makeover,metamorfoza,197
has been reassessing her public,ponownie oceniła swoją publiczność,198
pleading with,błagając,199
devote,poświęcać,200
atrocity,okrucieństwo,201
try to weasle my way,spróbuj oszukać swoją drogę,202
it was jarring to see the scene of the massacre,widok sceny masakry był wstrząsający,203
extremely harsh on,niezwykle surowy,204
they were eternally indebted to the soviet union,byli wiecznie dłużni związkowi radzieckiemu,205
flop,brzdęknięcie,206
complex,złożony,207
fortsatt tilgjengelig,wciąż dostępne,208
flip off,odwróć się,209
pump your dum,pompuj dupę,210
need to chug mickey,muszę wypić mickeya,211
was passed out puking by,"stracił przytomność, wymiotując",212
skinny teas,chude herbaty,213
surge,przypływ,214
duped,oszukany,215
courageous,odważny,216
surge,wzrost,217
centenarians,stulatkowie,218
ourlive the odds,żyjemy zgodnie z szansami,219
stellar,gwiezdny,220
malicious walk-off,złośliwe odejście,221
set to feature,ustawić jako funkcję,222
leapfrogged,przeskoczył,223
heresy,herezja,224
infidels,niewierni,225
contradiction,sprzeczność,226
disposable,jednorazowy,227
disposable,jednorazowe,228
breadwinner,żywiciel,229
intimidated,zastraszony,230
look up to,szanować,231
lay out,układ,232
nutjob,wariat,233
deflect,odwracać,234
fend off,odparować,235
verdant,zielenisty,236
left this barren dump,opuścił to jałowe wysypisko,237
allotted time.,przydzielony czas.,238
scent,zapach,239
scent of a woman,zapach kobiety,240
remove her cape,usuń jej pelerynę,241
embalming,balsamowanie,242
exploid,wybuchowy,243
delt a setback,ponieś porażkę,244
"89-modell til salgs
kjørt ca 90.000km
i god stand, et par bulker her og der
lite rust
alle servicer gjennomført
ettertraktet modell
kun prøvekjørt
ser etter min siste eier","do sprzedania model 89
przejechane ok. 90 000 km
w dobrym stanie, kilka wgnieceń tu i ówdzie
mała rdza
wszystkie usługi wykonane
pożądany model
tylko jazda próbna
szukam mojego ostatniego właściciela",245
"“it’s beyond what anyone would ever want to imagine, much less actually see and, god forbid, experience,” he said","„to wykracza poza to, co ktokolwiek chciałby sobie wyobrazić, a tym bardziej zobaczyć i, nie daj boże, doświadczyć” – powiedział",246
"during a press availability, blinken became emotional describing seeing the images of the victims of the hamas attack that “almost defies comprehension.”","podczas wystąpienia prasowego blinken wzruszył się, opisując obrazy ofiar ataku hamasu, które „prawie nie dają się zrozumieć”.",247
underscore the utter depravity,podkreślić całkowitą deprawację,248
for all things meaningful and substantial,"o wszystko, co znaczące i istotne",249
suffocated,uduszony,250
suffocated,udusił się,251
robust,krzepki,252
hijackers,porywacze,253
resembling,podobny,254
recuring,powtarzający się,255
flaws,wady,256
gorge,wąwóz,257
bulky,gruby,258
hurdle,przeszkoda,259
unsettled,zaburzony,260
infantry,piechota,261
heinous,haniebny,262
jaywalking,przechodzenie przez jezdnię,263
boulder,otoczak,264
beef broth,rosół wołowy,265
imagine faculty,wyobraźcie sobie wydział,266
tb-500 is for injection. it can be administered intramuscularly or subcutaneously.,tb-500 jest przeznaczony do wstrzykiwań. można go podawać domięśniowo lub podskórnie.,267
ambigues,niejasności,268
tendons,ścięgna,269
angiogenesis,angiogeneza,270
wolvering,rosomak,271
compile,skompilować,272
drenched,wymokły,273
clout,klaps,274
caveats,zastrzeżenia,275
thrive,prosperować,276
muffled,stłumiony,277
body patching up,łatanie ciała,278
psyched,psychodeliczny,279
thongs,klapki,280
parage,parodia,281
recounted,opowiedział,282
evading,unikanie,283
fugitive,zbieg,284
per feature,na funkcję,285
rejoice,radować się,286
teal color,kolor morski,287
scuffed,porysowany,288
scrub,szorować,289
reckon,myśleć,290
for clout,dla przewagi,291
fortnight,dwa tygodnie,292
rightclick on the column headers to toggle columns,"kliknij prawym przyciskiem myszy nagłówki kolumn, aby przełączać kolumny",293
dashed line,linia przerywana,294
seldom,rzadko,295
contained,zawarte,296
"more bad news is sometimes due to better surveillance of suffering, not a worsening world","więcej złych wiadomości wynika czasem z lepszego nadzoru nad cierpieniem, a nie z pogarszającego się świata",297
perseverance,wytrwałość,298
global burden of disease,globalne obciążenie chorobami,299
when we hang on to a rose-tinted version of history,kiedy trzymamy się zabarwionej na różowo wersji historii,300
bad and better,zły i lepszy,301
the loss of hope is probably the most devastating consequence of the negativity instinct and the ignorance it causes,utrata nadziei jest prawdopodobnie najbardziej niszczycielską konsekwencją instynktu negatywności i powodowanej przez niego ignorancji,302
supporting drastic measures,popieranie drastycznych środków,303
male chauvinists,męskich szowinistów,304
illusion of constant deterioration.,iluzja ciągłego pogarszania się.,305
zapping through tv channels,skakanie po kanałach telewizyjnych,306
sickle,sierp,307
discharge,wypisać,308
prerogative,przywilej,309
mercifully,miłosiernie,310
robust,solidny,311
frostbite,odmrożenie,312
leisure time,czas wolny,313
intrinsic,wewnętrzny,314
stemming,przybitka,315
surveillance,nadzór,316
knackered,wykończony,317
whittling,struganie,318
manslaughter,zabójstwo,319
a bit full on,trochę na full,320
palled,blady,321
peculiar,osobliwy,322
inevriated,nietrzeźwy,323
insatiable,nienasycony,324
frizzed-up hair,potargane włosy,325
persecuting,prześladować,326
twiling,zmierzch,327
hold yourself accountable,uważaj się za odpowiedzialnego,328
build momentum,budować rozmach,329
manageable task,wykonalne zadanie,330
follow-up plan,plan kontynuacji,331
noe gikk galt,something went wrong,332
bilk,uchylać się od zapłaty,333
give a statement,złożyć oświadczenie,334
recanted,odwołał,335
stay off my team,trzymaj się z dala od mojej drużyny,336
shepherd,pasterz,337
sow discord,wichrzyć,338
leaped,przeskoczył,339
former,dawny,340
prodigal,marnotrawny,341
trashy hos,tandetny hoss,342
protecting biodiversity,ochrona różnorodności biologicznej,343
tortoise,żółw,344
noobs,nooby,345
its time out care,jego czas na opiekę,346
fry your wheel,usmaż swoje koło,347
granby roll,rolada granby'ego,348
tumbling,koziołkujący,349
stuble upon,potknąć się,350
cartwheel,koło wozu,351
boolean,logiczna,352
lads turn up,pojawiają się chłopcy,353
slender build,szczupła budowa,354
resources in your neck of the woods,zasobów w twojej okolicy,355
tourniquet,opaska zaciskająca,356
asphyxiation,uduszenie się,357
avalanche,lawina,358
deprivation due to smothering,pozbawienie z powodu uduszenia,359
see fumes,patrz opary,360
tailpipe,rura wydechowa,361
carbon monoxide,tlenek węgla,362
ruogh,surowy,363
rogue,łobuz,364
girth,obwód,365
"scrotum, and perineum",mosznę i krocze,366
if it's yellow let it mellow,"jeśli jest żółte, pozwól mu zmięknąć",367
umami,umami,368
ripping off,oderwanie,369
penny pincher,dusigrosz,370
pastry,ciasto,371
highly volatile,wysoce niestabilny,372
soggy,rozmoczony,373
sludgy,mulisty,374
voluntary,dobrowolny,375
devotion,poświęcenie,376
surpasses,przewyższa,377
distorts,zniekształca,378
converging,zbieżny,379
villains,złoczyńcy,380
scalding,oparzenie,381
tepid,chłodny,382
inkling,poczucie,383
semimembranosus,półbłoniasty,384
tipped off,dał cynk,385
ample,obszerny,386
commence,rozpocząć,387
prone,skłonny,388
refrain,refren,389
compel,zmusić,390
european central bank tells ministers some eu banks could be vulnerable,"europejski bank centralny mówi ministrom, że niektóre banki w ue mogą być podatne na ataki",391
embraced #crypto customers with insufficient safeguards,objął klientów #crypto z niewystarczającymi zabezpieczeniami,392
pulling up to the port,podjeżdżając do portu,393
i groaned inwardly,jęknęłam w duchu,394
such a breeze,taki powiew,395
heartburn,zgaga,396
insolent,bezczelny,397
tried for murder,sądzony za morderstwo,398
wherein,w której,399
you didn't go to failure,nie poszedłeś na łatwiznę,400
ballpark,przybliżony zakres,401
disregard,lekceważenie,402
outbite,przechytrzyć,403
ferret,fretka,404
weasel,łasica,405
arugula,rukola,406
alleging retaliation,rzekomy odwet,407
overcome adversity,pokonać przeciwności losu,408
i crapped out,zesrałem się,409
hunch,przeczucie,410
strand,pasmo,411
farewell letter,list pożegnalny,412
"to sustain the notion of lansky as king of all evil, the brains, the secret mover, the inspirer and controller of american organized crime","podtrzymać pogląd lansky'ego jako króla wszelkiego zła, mózgu, tajnego inicjatora, inspiratora i kontrolera amerykańskiej przestępczości zorganizowanej",413
"his inability to pay for health care for his handicapped son,","niemożność opłacenia opieki zdrowotnej dla niepełnosprawnego syna,",414
invulnerable,nie do zranienia,415
invulnerable,niewrażliwy,416
stunt,popis kaskaderski,417
broad,szeroki,418
fossils,skamieniałości,419
land masses,masy lądowe,420
turn out,okazać się,421
prune away,odciąć,422
spaced repetition,powtórzenia w odstępach,423
substantially,istotnie,424
retain,zachować,425
dissipating,rozpraszanie,426
keep up with your peers,nadążaj za rówieśnikami,427
that twilight,ten zmierzch,428
diffuse,rozproszony,429
solitary walk,samotny spacer,430
i skim first,najpierw przemykam,431
the octopus,ośmiornica,432
focused vs diffuse thinking,myślenie skupione a rozproszone,433
we just need to master the lingo and culture,musimy tylko opanować żargon i kulturę,434
i was made to enroll,kazano mi się zapisać,435
we fudged the data,sfałszowaliśmy dane,436
wicked stepmather,zła macocha,437
preconceived ideas,z góry przyjęte pomysły,438
beetle,zuk,439
compounds,związki,440
association,skojarzenie,441
committed,zaangażowany,442
peed,sikać,443
limber,zwinny,444
"it was commissioned by the provisional government of spain at goya's suggestion.

",został zamówiony przez tymczasowy rząd hiszpanii na sugestię goi.,445
infatuation,zaślepienie,446
fox filed to dismiss the divorc,fox złożył wniosek o oddalenie rozwodu,447
start bulking,zacznij masować,448
odds,szanse,449
he suffers from constipation and asks for a laxative,cierpi na zaparcia i prosi o środek przeczyszczający,450
the days have turned into heavy burdens that i am sentenced to carry,"dni zamieniły się w ciężkie brzemię, na którego noszenie jestem skazany",451
nauseated me,przyprawiało mnie o mdłości,452
complex of marshes that straddle,"kompleks bagien, które leżą okrakiem",453
interrogator,przesłuchujący,454
you stained the car,zabrudziłeś samochód,455
groan,jęk,456
convey,przekazywać,457
seemingly put out,pozornie wystawiony,458
through its intimate anecdotes,poprzez intymne anegdoty,459
"and on whom they are inflicted, and when","i na kogo są nakładane, i kiedy",460
interrogators,przesłuchujący,461
alongside several contemporaries,obok kilku współczesnych,462
municipality,miasto,463
bystander,widz,464
reckon not thou those slain in the way of god to be dead,"nie uważaj tych, którzy zostali zabici na drodze boga, za umarłych",465
comprehesive,wyczerpujący,466
deceased from the fall,zmarł od upadku,467
i have appeared,pojawiłem się,468
utmost sincerity,najszczersza szczerość,469
nefarious,nikczemny,470
behest,rozkaz,471
appears,pojawia się,472
appeal,odwołanie,473
harsher,ostrzejsze,474
opted,zdecydowałem się,475
moped,motorower,476
entitled,zatytułowany,477
adheres,przylega,478
culprit,winowajca,479
obstructed or constricted,zatkany lub zwężony,480
insert,wstawić,481
harsly,szorstko,482
ledges,półki,483
anticipated,oczekiwany,484
look forward,czekamy,485
rubble,gruz,486
truce,rozejm,487
repay it,spłacić to,488
fallacy,błąd,489
linger,marudzić,490
revoke,unieważnić,491
lateral,boczny,492
cadaver,zwłoki,493
podiatrist,podolog,494
convicted,skazany,495
chancy,ryzykowny,496
that void,ta pustka,497
exision,wycięcie,498
asymptomatic,bezobjawowy,499
laterally,bocznie,500
made us both turn,"sprawił, że oboje się odwróciliśmy",501
presumably,prawdopodobnie,502
township clerk,urzędnik gminny,503
township,parafia,504
playfully,figlarnie,505
diligent,staranny,506
not reimburse,nie zwrócić,507
longing,tęsknota,508
pacifier,smoczek,509
normalized gait,znormalizowany chód,510
regain,wracać,511
are nourished,są odżywione,512
military discharge,zwolnienie wojskowe,513
sustained injuries,odniesione obrażenia,514
stand out,wyróżniać się,515
retreating,wycofanie się,516
athletic endeavors,starania sportowe,517
contralateral,kontralateralny,518
sustained,trwały,519
riven,rozdarty,520
headlong,na oślep,521
bolster,wzmocnić,522
laxity,rozluźnienie,523
incorporation,włączenie,524
incision,nacięcie,525
eternal,wieczny,526
utilized,wykorzystany,527
nootropic,nootropowe,528
how does the reality stack up,jak układa się rzeczywistość,529
it constricts the blood vessels,zwęża naczynia krwionośne,530
it constricts the blood vessels,it constricts the blood vessels,531
vasoconstrictor,zwężający naczynia krwionośne,532
retains,zachowuje,533
excessive movement,nadmierny ruch,534
dwelling on,zamyślać się o,535
longed,tęsknił,536
fill that void,wypełnić tę pustkę,537
boughs,konary,538
layoff,zwolnienie,539
solidify,krzepnąć,540
solidify,zestalać,541
merior,lepszy,542
handover,przekazać,543
riddle,zagadka,544
micro-soldering,mikrolutowanie,545
lump,potraktować jednakowo,546
lump,bryła,547
deflated boob,sflaczałe cycki,548
hit by puck,uderzony przez krążek,549
rejection,odmowa,550
carried out,przeprowadzone,551
from mild sprains,od łagodnych skręceń,552
"it has also left over 120 palestinians dead, many of them while carrying out attacks or during clashes with security forces","zginęło również ponad 120 palestyńczyków, wielu z nich podczas ataków lub starć z siłami bezpieczeństwa",553
footage from the scene showed young settlers brandishing clubs as they ran through the streets and approached shopkeepers,"nagranie z tej sceny ukazywało młodych osadników wymachujących kijami, gdy biegli ulicami i zbliżali się do sklepikarzy",554
rigid,sztywny,555
kinetic chain,łańcuch kinetyczny,556
that strain the knee joint,które obciążają staw kolanowy,557
agitate,mieszać,558
jittery efects,efekty zdenerwowania,559
sophisticate,wyrafinowany,560
not delve,nie zagłębiać się,561
to take accountability,wziąć odpowiedzialność,562
abnormalities,nieprawidłowości,563
irregularities,nieprawidłowości,564
uproar of extremists in jewish society,wrzawa ekstremistów w społeczeństwie żydowskim,565
throughout,na wskroś,566
defining attacks,definiowanie ataków,567
preemptively,zapobiegawczo,568
thwarted,udaremnione,569
candor,szczerość,570
recap,podsumowanie,571
rembursment,zwrot kosztów,572
restrains,powstrzymuje,573
marvellous,cudowny,574
subjective or objec- tive guidelines,subiektywne lub obiektywne wytyczne,575
seemingly duping,pozornie oszukany,576
catch some rays,złapać trochę promieni,577
daunting,zniechęcające,578
disparage,deprecjonować,579
maiden voyage,dziewiczy rejs,580
riot dispersal means,środki rozpędzenia zamieszek,581
preemptive strike,strajk wyprzedzający,582
adversary,przeciwnik,583
attained,osiągnięty,584
"in both countries it was clearer than crystal to the lords of the state preserves of loaves and fishes, that things in general were settled for ever.","w obu krajach było jaśniejsze niż kryształ dla panów państwowych przetworów bochenków i ryb, że sprawy w ogóle zostały ustalone na zawsze.",585
fair face,uczciwej twarzy,586
noisiest,najgłośniejszy,587
flailing elbows,wymachując łokciami,588
staples,zszywki,589
moderate and vigorous,umiarkowany i energiczny,590
causes a stir,powoduje zamieszanie,591
"at the lower end of the price scale please? or, if you can say it without being libellous, one's to avoid.","na dolnym końcu skali cen proszę?  lub, jeśli możesz to powiedzieć bez oszczerstwa, należy tego unikać.",592
libellous,oszczerczy,593
insufficient,niewystarczający,594
itinerary,plan podróży,595
stamina,wytrwałość,596
overlapping,nakładanie się,597
cutting-edge,pionierski nowatorski,598
compound interest,procent składany,599
invest wisely,investere klokt,600
bound to be lame,na pewno będzie kulawy,601
prolonging,przedłużanie,602
serenity,ukojenie,603
canines out,kły na zewnątrz,604
imposed,nałożony,605
drought,susza,606
my face is puffy,moja twarz jest opuchnięta,607
hailed the ruling,powitał orzeczenie,608
gear,bieg,609
debrief,zdać sprawozdanie,610
intermittent,przerywany,611
grace,wdzięk,612
strive,starać się,613
boulders,głazy,614
inevitably,nieuchronnie,615
obscure,niejasny,616
rally,rajd,617
relish,smakować,618
a touch more impassive,odrobinę bardziej beznamiętny,619
rebuke,nagana,620
"between fishermen, poachers and government agents","między rybakami, kłusownikami i agentami rządowymi",621
sedition,bunt,622
glitch,usterka,623
feasible,wykonalny,624
inflict,zadać,625
rage,wściekłość,626
i lost my rage,straciłem wściekłość,627
rip off,zdzierać,628
crippling shortage,paraliżujący niedobór,629
"with covid starting to slowly disperse, work is starting to ramp back up and my games are not getting as much attention and study. . .so i expect my rating to drop. ","ponieważ covid zaczyna powoli się rozpraszać, praca zaczyna nabierać tempa, a moje gry nie przyciągają tyle uwagi i nauki. . .więc spodziewam się, że moja ocena spadnie.",630
remo,remo,631
who was snitch,kto był kapusiem?,632
gait,chód,633
rampage,szał,634
lunged forward,rzucił się do przodu,635
apricot,morela,636
prunes,suszone śliwki,637
survey,ankieta,638
strain,napięcie,639
prick tease,drażnić kutasa,640
tiny teeny bikini,małe malusieńkie bikini,641
ogle,oczkować,642
affectation,sztuczność,643
devoted,oddany,644
inferred,wywnioskować,645
increasingly stupider,coraz głupszy,646
rely solely on their own intuition,polegać wyłącznie na własnej intuicji,647
through various vendors online like amazon.,"za pośrednictwem różnych dostawców online, takich jak amazon.",648
more comprehensive,bardziej wszechstronny,649
balanced insight,zrównoważony wgląd,650
inflexible,nieelastyczny,651
surveillance footage,nadzór wideo,652
abducted,porwany,653
irreversible,nieodwracalny,654
nuclear war deterrent,odstraszający wojnę nuklearną,655
invoke,odwołać się,656
fins,płetwy,657
indicted,oskarżony,658
disguising,przebieranie się,659
prematurely,przedwcześnie,660
subside,cichnąć,661
plumes,pióropusze,662
spree,hulanka,663
slugger,ubijak,664
acne breakouts,wyprysków trądzikowych,665
twat,cioto!,666
corneal ulcer,wrzód rogówki,667
shattered,strzaskany,668
willingness,chęci,669
profanity,bluźnierstwo,670
hold me accountable,pociągaj mnie do odpowiedzialności,671
prolific,płodny,672
but fiorentina weren’t put off from signing him in 198,ale fiorentina nie zniechęciła się podpisaniem go w 198,673
struck down,powalony,674
compliance,zgodność,675
compels,zmusza,676
barren spinster,jałowa panna,677
approved,zatwierdzony,678
appear,pojawić się,679
endeavour,dążyć,680
"linel
",pościel,681
enhance,zwiększyć,682
diced,pokrojone w kostkę,683
lagging,otulina,684
concise,zwięzły,685
refractory period,okres refrakcji,686
cartilage,chrząstka,687
beyond the pale,poza nawiasem,688
juvenal,młodociany,689
defector,dezerter,690
mouthwatererring,śliniący się w ustach,691
retain water,zatrzymać,692
taste buds,kubki smakowe,693
quinoa,komosa ryżowa,694
stumbleupon,potknąć się,695
undisclosed,nieujawnione,696
digestive,trawienny,697
cue,replika,698
collapsed nostril,zapadnięte nozdrze,699
deviated septum,skrzywiona przegroda,700
depleted,wyczerpany,701
apnea,bezdech,702
sloth,lenistwo,703
farsightedness,dalekowidz,704
vials,fiolki,705
imply,sugerować,706
ecstatic,ekstatyczny,707
lotioning off,balsam,708
cuticle,naskórek,709
conceived,poczęty,710
quackery,szarlataneria,711
snap out,wyrwać się,712
heartening,pokrzepiający,713
coronavirus variant fear sparks africa travel curbs,strach przed koronawirusem wywołuje ograniczenia podróży po afryce,714
smear,rozmaz,715
spice turmeric,przyprawa kurkuma,716
devouring,pożerający,717
circadian rhythm,rytm dobowy,718
circadian,dobowy,719
"no bystanders were injured as a result of the weapon discharge.""

",żadna osoba postronna nie została ranna w wyniku wystrzału.”,720
she was seizing,ona chwytała,721
rebuttal,obalenie,722
extinguish the force,zgasić siłę,723
tuition,czesne,724
ditched,porzucić,725
misogynistic,mizoginistyczny,726
sustainability,zrównoważony rozwój,727
semiuntethered,częściowo związany,728
untethered,swobodny,729
protrudes,wystaje,730
carbohydrates,węglowodany,731
cultivation,uprawa,732
sett den inntil,put it up,733
revelling,rozkoszując się,734
detached,oderwany,735
discord,niezgoda,736
substantial,znaczny,737
lavish,rozrzutny,738
tenet,dogmat,739
salvation,zbawienie,740
eternals,wieczne,741
bogus,podrobiony,742
remorse,wyrzuty sumienia,743
parole,zwolnienie warunkowe,744
hedge,żywopłot,745
appalling,przerażający,746
smirk,uśmiech,747
pancreatic,trzustkowy,748
tar,smoła,749
carbon,węgiel,750
monoxide,tlenek,751
overlap,zakładka,752
inhibit,hamować,753
preclude,uniemożliwiać,754
filed,wniesiony,755
they called it quits.,nazywali to odejściem.,756
hovel,rudera,757
eternal bungler,wieczny chuligan,758
retrieves,pobiera,759
scent,zapach,760
elusive,nieuchwytny,761
prevail,panować,762
mossy teeth,omszałe zęby,763
inadmissible,niedopuszczalny,764
perished,zginął,765
scrutiny,badanie,766
wholesaler,hurtownik,767
fathom,pojąć,768
fuse,bezpiecznik,769
rejuvenate,odmładzać,770
stopover,przerwa w podróży,771
plea,zarzut,772
quick inhales,szybkie wdechy,773
sovereignty,suwerenność,774
consensual encounter.,spotkanie konsensualne.,775
you are giddy,ty jestes roztrzepany,776
tinkering,majsterkowanie,777
consensual,konsensualny,778
scorched,przypalony,779
mediated alterations,zmiany pośredniczone,780
contentious,sporny,781
alterations,zmiany,782
dependence occurs,występuje zależność,783
there is no reference point,nie ma punktu odniesienia,784
cravings,pragnienia,785
proxy,pełnomocnik,786
potency,moc,787
cognitive impairments,zaburzenia poznawcze,788
rely on,polegać na,789
gets accustomed,przyzwyczaja się,790
compelled,zmuszony,791
hook,zaczep,792
vulneable,wrażliwy,793
plow,pług,794
jeg føler meg veldig dårlig,czuję się bardzo źle,795
resumed,wznowione,796
pitched,rozbity,797
handicapped,upośledzony,798
countenance,oblicze,799
quarrel,sprzeczka,800
bedridden,złożony chorobą,801
flint,krzemień,802
unprecedented,bez precedensu,803
dais,podium,804
dike system,system wałów przeciwpowodziowych,805
repeatedly,wielokrotnie,806
endure,znieść,807
haggle,targować się,808
contradict,zaprzeczać,809
turmeric,kurkuma,810
chopstick,pałeczki np. do ryżu,811
registered,zarejestrowany,812
cumin,kminek,813
crude oil,ropa naftowa,814
recupture,rekonstrukcja,815
expendable,przeznaczony na stracenie,816
lap-dance,taniec na kolanach,817
sanitise,dezynfekować,818
parish council,rada parafialna,819
sanitise,oppryddings,820
resources,zasoby,821
explicitly,wyraźnie,822
respiratory,oddechowy,823
subject,przedmiot,824
subject,poddany króla,825
tarnishing,matowienie,826
hype,szum,827
outpouring,wylew uczuć,828
desolation,spustoszenie,829
desolation,spustoszenie,830
arrangement,układ,831
german measles,różyczka,832
containment,powstrzymywanie,833
saturation,nasycenie,834
pestilence,zaraza,835
hallmarks,znak rozpoznawczy,836
exceed,przekraczać,837
airborne,samolotowy,838
debunking,obalanie,839
digest,strawić,840
scramble,rozchwytać,841
"cognitive impairments, diminished coordination and reaction time, and acute psychotic features such as hallucinations and delusions.","zaburzenia poznawcze, zmniejszona koordynacja i czas reakcji oraz ostre cechy psychotyczne, takie jak omamy i urojenia.",842
agitation,podniecenie,843
dispensary,ambulatorium,844
irritability,drażliwość,845
host of factors,mnóstwo czynników,846
craving for,spragniony,847
relapse,recydywa,848
renewal,odnowienie,849
impair your driving,zaburzać prowadzenie pojazdu,850
lay off,odpocząć sobie,851
diligence,pracowitość,852
squander,zmarnować,853
cluster,grupa,854
outlook,perspektywy,855
magnitude,wielkość,856
conjectuon,przypuszczenie,857
iceberg stage,scena lodowa,858
impose,narzucać,859
depiction,opis,860
flatten,spłaszczyć,861
ambiguous,dwuznaczny,862
ceased,przestał,863
contagious,zaraźliwy,864
bird,ptak,865
beard,broda,866
excursion,wycieczka,867
pursued,ścigany,868
surfecant,środek powierzchniowo czynny,869
herpes,opryszczka,870
preserving,konserwowanie,871
staggering,oszałamiający,872
deciphering,rozszyfrowanie,873
stuttering,jąkanie,874
overlook,przeoczyć,875
whinging,marudzenie,876
longevity,długość życia,877
havoc,spustoszenie,878
humidifier,nawilżacz,879
attitude,nastawienie,880
disingenuous,obłudny,881
midlife clarity,jasność wieku średniego,882
concluded,zakończone,883
arsonist,podpalacz,884
extort,wymusić,885
hassle,kłopot,886
varnish,lakier,887
plea out,błagać,888
lenient,łagodny,889
drove,stado,890
stocky,krępy,891
ruthless,bezwzględny,892
framework,struktura,893
exacerbated,zaostrzone,894
portal,portal,895
rollbacks,wycofywanie,896
cloves,goździki,897
mockery,kpina,898
perish,zginąć,899
bombshell,bomba,900
saturations,nasycenia,901
plasma,osocze,902
ingesting,połknięcie,903
bleach,wybielacz,904
disinfectant,środek dezynfekujący,905
hvor skal det,where should it be,906
upholstory,tapicerka,907
uterus,macica,908
locust,szarańcza,909
disillusion,rozczarować,910
are you squeamish to food,czy jesteś wrażliwy na jedzenie?,911
sustainably,zrównoważony,912
cheeky grin,bezczelny uśmiech,913
stepped on,nadepnął,914
grudge,uraza,915
dealt,rozdane,916
drawn,pociągnięty,917
discouraged,zniechęcony,918
looted,zrabowane,919
reassess,ponowna ocena,920
lured,zwabiony,921
gratitude,wdzięczność,922
wheezing,świszczący oddech,923
debilitating,wyniszczające,924
depleted iron,zubożone żelazo,925
decent man,przyzwoity człowiek,926
decent man,anstendig mann,927
enraged,rozwścieczony,928
niche,nisza,929
villan,czarny charakter,930
utter disregard,całkowite lekceważenie,931
racial ambiguity,niejednoznaczność rasowa,932
mongrel,kundel,933
geared,nastawiony,934
braid,warkocz,935
his so mean,jego tak podły,936
hick,chłop,937
infatuated,zakochany,938
such a profound way.,tak głęboki sposób.,939
deterred,zniechęcony,940
emplify,uwydatniać,941
shriveling,pomarszczony,942
subcutancous,podskórny,943
inertia,bezwładność,944
increasingly suspect,coraz bardziej podejrzany,945
assumptiono,założenie,946
adjacent,przylegający,947
booster dose,dawka przypominająca,948
booster shot,strzał przypominający,949
remake,przerobić,950
grappling,zmagania,951
sliver,drzazga,952
irrelevant,bez znaczenia,953
relentless,nieustępliwy,954
revamping,modernizacja,955
consolation,pocieszenie,956
defund,obciążyć,957
vulva,srom,958
clit,łechtaczka,959
gutter,rynna,960
esteemed,ceniony,961
interrogation,przesłuchanie,962
ferociously,zaciekle,963
almighty,wszechmocny,964
pelvis,miednica,965
prorogation,odroczenie,966
deranged,obłąkany,967
taunting,szyderstwo,968
martyr,męczennik,969
excruciat,rozdzierający,970
tossed,rzucił,971
crunch,schrupać,972
elated,podniecony,973
i thought nobody there,jeg trodde ingen der,974
pelvic,miednicowy,975
diapers,pieluchy,976
caveat,zastrzeżenie,977
parole officer,kurator,978
dumbbells,hantle,979
grabbing,chwytanie,980
underlying couse,podstawowa przyczyna,981
intervene,interweniować,982
maternal vasculature,układ naczyniowy matki,983
crux,sedno sprawy,984
fetus,płód,985
fallopian tube,jajowód,986
ovary,jajnik,987
folic acid,kwas foliowy,988
folate,kwas foliowy,989
enrolled,zarejestrowany,990
insightful,wnikliwy,991
efficient,wydajny,992
debunked,obalony,993
ballots,karty do głosowania,994
pelvins,miednice,995
vulnerable,wrażliwy,996
detached house for rent,enebolig til leie,997
hydrogen peroxide,nadtlenek wodoru,998
who prefers,kto woli,999
innate,wrodzony,1000
comittment,zaangażowanie,1001
impervious,nieprzepuszczalny,1002
repercussions,reperkusje,1003
snitch,kapuś,1004
consistent,zgodny,1005
don't expect to turn up,"nie spodziewaj się, że się pojawisz",1006
calf muscle,mięsień łydki,1007
deteriorated,pogarszony,1008
breaching,naruszenie,1009
"insights 

",spostrzeżenia,1010
he collides with reigning,zderza się z panowaniem,1011
strain of austerity,napięcie surowości,1012
austerity measures,środki oszczędnościowe,1013
fluffy,puszysty,1014
ingrained,zakorzeniony,1015
shallow,płycizna,1016
bohemia,cyganeria,1017
price gouging,żłobienie ceny,1018
eligible,wybieralny,1019
volatile,lotny,1020
hod,taczki,1021
welfare,dobrobyt,1022
your taste buds are in for a treat,twoje kubki smakowe czekają na ucztę,1023
lairy,wróżka,1024
"allegedly because an air freshener was obscuring his rearview mirror. on monday night, daunte’s aunt, naisha wright, called in to cnn.","rzekomo dlatego, że odświeżacz powietrza zasłaniał lusterko wsteczne.  w poniedziałek wieczorem ciotka daunte, naisha wright, zadzwoniła do cnn.",1025
snout,pysk,1026
incarcerated,uwięziony,1027
make them contract,zmusić ich do skurczu,1028
egalitarian,egalitarny,1029
homogeneous,jednorodny,1030
flogged,chłosta,1031
interfere,kolidować,1032
brain tumor,guz mózgu,1033
gentrification,gentryfikacja,1034
scarecrow,strach na wroble,1035
hi adversity,cześć przeciwności,1036
ved siden av,next to,1037
body recompesirion,rekompozycja ciała,1038
"so, dear reader, you and your wisdom are ahead of the curve!","tak więc, drogi czytelniku, ty i twoja mądrość wyprzedzacie konkurencję!",1039
all’s fair in love and war,w miłości i na wojnie wszystko jest sprawiedliwe,1040
with a desire to overcome challenges by working together,z chęcią pokonywania wyzwań poprzez wspólną pracę,1041
mutiny,bunt,1042
everyday commitment,codzienne zaangażowanie,1043
contempt,pogarda,1044
tighten,dokręcać,1045
disembark,wyokrętować,1046
sustain,podtrzymywać,1047
dismantled,zdemontowany,1048
beyond comprehension,poza zrozumieniem,1049
restraint,powściągliwość,1050
mutilated,okaleczony,1051
maneuver game,gra manewrowa,1052
bailout,ratowanie,1053
overalls,kombinezon,1054
peace of mind,święty spokój,1055
meniscus,łąkotka,1056
"slender hull, shallow draft, and low freeboard","smukły kadłub, małe zanurzenie i niska wolna burta",1057
agitated,wstrząśnięty,1058
interim,okres przejściowy,1059
commitment,zaangażowanie,1060
pre-existing,istniejące wcześniej,1061
tibia,piszczel,1062
femur,kość udowa,1063
portray,przedstawiać,1064
indicated,wskazany,1065
patellar tendon,ścięgna rzepki,1066
aftermath,następstwa,1067
inadvertent,nieumyślny,1068
line up,uszeregować,1069
indefatigable,niestrudzony,1070
conjecture,przypuszczenie,1071
very keen,bardzo chętnie,1072
doable,wykonalny,1073
moron,idiota,1074
inclusion,włączenie,1075
frantic,oszalały,1076
gracious,łaskawy,1077
crutches,kule kalekiego,1078
commissary,kantyna,1079
during scrambles,podczas wyścigów,1080
easily winded,łatwo nakręcany,1081
few things are harder to put up with than the annoyance of a good example.,niewiele rzeczy jest trudniejszych do zniesienia niż irytacja dobrego przykładu.,1082
embodiment,wcielenie,1083
hooked up,podłączony,1084
wincing,krzywiąc się,1085
discouraged,zniechęcony,1086
proprioceptive properties,właściwości proprioceptywne,1087
rerupture,ponowne zerwanie,1088
indescribable,nie do opisania,1089
blood thinners,rozcieńczalniki krwi,1090
sprawl out,rozwalać się,1091
beforehand,uprzednio,1092
squeamish,wrażliwy,1093
opted,zdecydował się,1094
evoke,przywołać,1095
unified,zjednoczony,1096
distinctly,wyraźnie,1097
"inclined
",skłonny,1098
invalided,unieważniony,1099
subsided,ucichł,1100
slew,obrót,1101
savagely,dziko,1102
allowance,dodatek,1103
relinquish,porzucić,1104
fondness,sentyment,1105
inclined,skłonny,1106
well-endowed,dobrze wyposażony,1107
applauding,brawo,1108
reckles,nieostrożny,1109
gauge the scope,zmierzyć zakres,1110
feasibility,wykonalność,1111
dysentery,czerwonka,1112
stalmate,pat,1113
bayonet,bagnet,1114
subservient,służalczy,1115
slight,niewielki,1116
life pattern,wzór życia,1117
leaky bowel syndrome,zespół nieszczelnego jelita grubego,1118
can elicit in the bowels,może wydobyć się w jelitach,1119
thoughtlessly halve.,bezmyślnie podziel na pół.,1120
unlivable,nie do zamieszkania,1121
follicular maturation,dojrzewanie pęcherzykowe,1122
ransacked,splądrowany,1123
reconciliation,pojednanie,1124
fuss,zamieszanie,1125
stairwell,klatka schodowa,1126
badge,odznaka,1127
prejudice,uprzedzenie,1128
retreat,wycofać się,1129
cranky batter,zepsute ciasto,1130
inebriated,nietrzeźwy,1131
walking briskly,energicznie chodzić,1132
fear mongering,sianie strachu,1133
reverence for life,szacunek dla życia,1134
rallied,zebrał,1135
"
    tomannsbolig",semi-detached house,1136
bypassing,omijanie,1137
herd,stado,1138
incapacity,nieudolność,1139
hang glider,lotnia,1140
", far more egregious",", znacznie bardziej skandaliczne",1141
electricity outages,przerwy w dostawie prądu,1142
stem cells,komórki macierzyste,1143
drooling,ślinienie się,1144
stroking,głaskanie,1145
pancreating,trzustka,1146
alveoli,pęcherzyki płucne,1147
least,najmniej,1148
flickers,migocze,1149
sophisticated,wyrafinowany,1150
blood vessels,naczynia krwionośne,1151
certain kinds of cognitive issues,niektóre rodzaje problemów poznawczych,1152
dire straits,powazne klopoty,1153
gets imperiled,staje się zagrożony,1154
utterly obnoxious.,całkowicie nieznośny.,1155
upholstery,tapicerka,1156
legumes,rośliny strączkowe,1157
high fiber,bogate w błonnik,1158
due,z powodu,1159
defined by,określony przez,1160
underlined,podkreślone,1161
peek-a-boo,zabawa w chowanego,1162
surreal,surrealistyczne,1163
egregious,skandaliczny,1164
astounding,zdumiewający,1165
gown,fartuch lekarza,1166
decried,potępiony,1167
bedevil,sponiewierać,1168
carcasses,tusze,1169
bottom line,dolna linia,1170
repurposing,zmiana przeznaczenia,1171
meaningful way,znaczący sposób,1172
repurpose a facility,zmienić przeznaczenie obiektu,1173
appendix,dodatek,1174
more the merrier,"im więcej, tym lepiej",1175
bear in mind,miej na uwadze,1176
the scope,zakres,1177
foiled a plot,udaremniłem fabułę,1178
gravel bed,żwirowe łóżko,1179
feast,uczta,1180
purified,oczyszczone,1181
hand over,przekazać,1182
exuberance,bujność,1183
juggernauts,żonglerzy,1184
as thick as grasshoppers,gruby jak koniki polne,1185
rustler,koniokrad,1186
altered the legitimate brand,zmienił legalną markę,1187
tire out,zmeczyc sie,1188
alveoli,pęcherzyki,1189
sustained serious injury,doznał poważnych obrażeń,1190
agenda,program,1191
vinegar,ocet,1192
the art of fearless seduction,sztuka nieustraszonego uwodzenia,1193
meltdown,krachu,1194
inadequate,niewystarczający,1195
foods stamps,znaczki żywności,1196
defy,przeciwstawiać się,1197
allocating,przydzielanie,1198
swooped up debt,zaciągnął dług,1199
swooped funds,zebrał fundusze,1200
vulture,sęp,1201
bondholders,obligatariusze,1202
uncircumcised guy,nieobrzezany facet,1203
rehydrating,nawadnianie,1204
dehydrating,odwodnienie,1205
provision,zaopatrzenie,1206
conscious,świadomy,1207
dismal failure,nieudacznik,1208
dismal,ponury,1209
flat out with work,mieszkanie z pracą,1210
deprived,pozbawiony,1211
covenant,przymierze,1212
defamation,zniesławienie,1213
"this once had huge clout,","to kiedyś miało ogromny wpływ,",1214
advertising revenue,przychody z reklam,1215
stork,bocian,1216
inconvenience,niewygod,1217
used up,zużyte,1218
divinely,bosko,1219
flotsam,flotsam,1220
set off,wyruszać,1221
relying,polegać,1222
sustained,trwały,1223
testicular,jąder,1224
perpetuity,wieczność,1225
hoax,oszustwo,1226
grievance,skarga,1227
ignited,zapalony,1228
likelihood,prawdopodobieństwo,1229
travesty,parodia,1230
compelling,zniewalający,1231
doomed,stracony,1232
debunk,demaskować,1233
embarked,zaokrętowany,1234
check tyres for wear.,sprawdź opony pod kątem zużycia.,1235
stash,"przechować, schowek, przechowalnia",1236
sentinel,strażnik,1237
negligible,nieistotny,1238
outmatch,przewyższać,1239
revise,poprawić,1240
review,przejrzeć,1241
public utility,użyteczności publicznej,1242
conducting,prowadzenie,1243
outmaneuvered,wymanewrowany,1244
vast,ogromny,1245
heeded,uważaj,1246
bungled,spartaczył,1247
proved far shrewder,okazało się znacznie mądrzejszy,1248
reckoned,liczone,1249
endowed,obdarowany,1250
aircraft carrier,lotniskowiec,1251
removal,fjerning,1252
dagger,sztylet,1253
inferior,gorszy,1254
typo,literówka,1255
hustler,agresywny przedsiebiorca,1256
hustler,energiczny człowek,1257
baptism,chrzciny,1258
bloodshed,rozlew krwi,1259
avoid,uniknąć,1260
assault,atak,1261
all rounder,wszechstronny,1262
missile,pocisk,1263
saturated,nasycony,1264
dispose,dysponować,1265
outrage,"skandal; zniewaga, obraza",1266
do you know where is,vet du hvor er,1267
madrass,materac,1268
foes,wrogowie,1269
vanguard,awangarda,1270
oblique kick,kopnięcie ukośne,1271
glass cannon fighter,myśliwiec armat ze szkła,1272
floating ribs,pływające żebra,1273
severe concussion,ciężkie wstrząśnienie mózgu,1274
belches,beki,1275
repurposed,przerobiony,1276
barns,stodoły,1277
feed mill,młyn paszowy,1278
hatchery,wylęgarnia,1279
overseeing,nadzorowanie,1280
inexorable,nieubłagany,1281
lure,wabik,1282
pros and cons,plusy i minusy,1283
turnips,rzepa,1284
peat,torf,1285
poacher,kłusownik,1286
revved,rozkoszował się,1287
demeaning,poniżający,1288
seizing,chwytanie,1289
goodwill,życzliwość,1290
goodwill,velvilje,1291
recall,odwołanie,1292
walloped,walił,1293
contagious,zarazliw,1294
respectively,"odpowiednio, kolejno",1295
utilities and grid companies,przedsiębiorstwa użyteczności publicznej i sieci,1296
soaker tub,wanna z hydromasażem,1297
hubby,mężulek,1298
discharged,rozładowany,1299
racketeering,gangsterstwo,1300
racketeering,kanciarstwo,1301
selflessness,bezinteresowność,1302
battered,poobijany,1303
deadlock,impas,1304
croak,rechot,1305
exploit,wykorzystać,1306
topple,przewracać się,1307
it's stuck.,den sitter fast.,1308
possess,posiadać,1309
forgiving,wyrozumiały,1310
curiosity,ciekawość,1311
toggle on,włączyć,1312
lavish wife,wystawna żona,1313
vertices,wierzchołków,1314
she said in an interview that she believed conscience and work ethic are indispensable in running a business.,"powiedziała w wywiadzie, w który wierzyła, że ​​sumienie i etyka pracy są niezbędne w prowadzeniu biznesu.",1315
nodes,węzły,1316
malice,złośliwość,1317
isosceles,równoramienny,1318
intersect,przecinają,1319
cuddle,przytulać,1320
credibility,wiarygodność,1321
compromise,kompromis,1322
are a relatively prevalent,są stosunkowo powszechne,1323
acquisition,nabycie,1324
contagious,zaraźliwe,1325
protrudes,wystaje,1326
contamination,zanieczyszczenie,1327
haul,zaciąg,1328
thoracic duct,przewód piersiowy,1329
revoke access,cofnąć dostęp,1330
sustainable,zrównoważony,1331
enlist,zwerbować,1332
levy,nałożyć,1333
trounce,sprać,1334
recounts,opowiada,1335
plight,sytuacja,1336
willpower,siła woli,1337
quantity has a quality all its own.,ilość ma swoją własną jakość.,1338
to surmount,przezwyciężyć,1339
mismatch,niedopasowanie,1340
huge blunder,ogromny błąd,1341
i feel dreadful,czuję się okropnie,1342
remembered,zapamiętane,1343
miscarriages,poronienia,1344
stem cell,komórka macierzysta,1345
oncoming traffic,nadjeżdżający ruch,1346
correctly angled,prawidłowo ustawiony,1347
campaign stunt,wyczyn kampanii,1348
underpin,podbudować,1349
bafflingly,zaskakująco,1350
hooves,kopyta,1351
magnified,powiększony,1352
retrace,odtwarzać,1353
seized,zajęty,1354
audacious plan,zuchwały plan,1355
inferior ranking,gorszy ranking,1356
embark,start,1357
embark,zaokrętować,1358
freckles,piegi,1359
hemisphere,półkula,1360
relaunching,ponowne uruchomienie,1361
sly,chytry,1362
inhabitants,mieszkańcy,1363
cunning,przebiegły,1364
to plot,spiskować,1365
trait,cecha,1366
homage,hołd,1367
homeage,domostwo,1368
imposed,narzucone,1369
deprive,pozbawiać,1370
brace,klamra,1371
retrieved,odzyskano,1372
renunciation,zrzeczenie się,1373
queued,w kolejce,1374
on par,na równi,1375
militant,wojowniczy,1376
faithless,niewierny,1377
awash,zalany,1378
seamless,bezszwowy,1379
psychics,wróżki,1380
octopus,ośmiornica,1381
deliberations,obrady,1382
keep up,nadążać,1383
upheld,podtrzymany,1384
"run away secretly in order to get married, especially without parental consent. elope","uciekaj potajemnie, aby wziąć ślub, szczególnie bez zgody rodziców.  zbiec",1385
"run away secretly in order to get married, especially without parental consent.","uciekaj potajemnie, aby wziąć ślub, szczególnie bez zgody rodziców.",1386
flossing,nici dentystyczne,1387
rip you off,rozerwać cię,1388
broker,pośrednik,1389
perks,profity,1390
vintage,zabytkowe,1391
deteriorating,pogarsza się,1392
contradicting,sprzeczne,1393
scab,parch,1394
misogyny,mizoginia,1395
footage,nagranie,1396
inapt,ciężki,1397
inwards,do wewnątrz,1398
navel,pępek,1399
ladder,drabina,1400
durable,trwały,1401
grid,krata,1402
standstill,zastój,1403
thistle,oset,1404
nettle,pokrzywa,1405
legitimately,słusznie,1406
glutton,żarłok,1407
scam,oszustwo,1408
inept,niedorzeczny,1409
predecessor,poprzednik,1410
derail,wykoleić,1411
chatter,gadać,1412
ignited,zapalił się,1413
historical distortions,historyczne zniekształcenia,1414
"following the public outcry, the law was altered",po publicznym oburzeniu prawo zostało zmienione,1415
uproar,wrzawa,1416
might reignite old controversies and even exacerbate them,"może wznowić stare kontrowersje, a nawet je zaostrzyć",1417
obscures,zasłania,1418
"если бы мужчины знали, о чём думают женщины, они ухаживали бы в двадцать раз смелее. (альфонс карр)","gdyby ludzie wiedzieli, o czym myślą kobiety, zajęliby się dwadzieścia razy odważniej.  (alphonse carr)",1419
sprawling,rozwalony,1420
mugging,rabunek,1421
sputum,plwocina,1422
bronchitis,zapalenie oskrzeli,1423
derogatory,uwłaczający,1424
gender,płeć,1425
grave,mogiła,1426
desolate,opuszczony,1427
inuit,inuit,1428
implicate,wplątać,1429
carry on,kontynuować,1430
worship,kult,1431
thunderstruck,oszołomiony,1432
minced,mielony,1433
toothpick,wykałaczka,1434
possessive,zaborczy,1435
baroness,baronowa,1436
intimidated,onieśmielony,1437
thrill,dreszczyk,1438
look forward,patrzeć w przyszłość,1439
interconnect,połączyć się,1440
undercut,podcięcie,1441
confinement,uwięzienie,1442
footsie,footsie,1443
alignment,wyrównanie,1444
intertwining,przeplatają się,1445
appendages,przydatki,1446
his lap,jego kolano,1447
straddle,stanąć rozkrakiem,1448
bestride,rozkraczyć się,1449
straddling,okrakiem,1450
grinding machine,maszyna do mielenia,1451
clitoral,łechtaczka,1452
association,stowarzyszenie,1453
harassment,dokuczanie,1454
insist on your,nalegać na twoje,1455
overlapping,nakładające się,1456
whine,skomleć,1457
swab,wacik,1458
tilt,przechylenie,1459
bereft,pozbawiony,1460
interim,tymczasowy,1461
wither,obumierać,1462
bib,śliniaczek,1463
floating city,pływające miasto,1464
inefficient,nieskuteczny,1465
aroused,podniecony,1466
diminishing,malejący,1467
recap mind,przypomnij sobie,1468
retrieval egg,jajko do pobierania,1469
deductible,odliczenie,1470
nausea,nudności,1471
mild cramping,łagodne skurcze,1472
cramping,skurcze,1473
declined,odmówił,1474
descending aorta,"tętnica zstępująca, największa tętnica w ciele człowieka",1475
have spotting,mieć plamienie,1476
retrievals,pobieranie,1477
penty liners,mnóstwo wkładek,1478
deterring,odstraszanie,1479
staffed by,obsadzony przez,1480
conducted,przeprowadzona,1481
the mindset,sposób myślenia,1482
forensic reconstruction,rekonstrukcja kryminalistyczna,1483
junction,węzeł,1484
conjection,odrzucenie,1485
endorse,podpisać się,1486
misconduct,złe prowadzenie się,1487
flopping out,wyskakuje,1488
intimidate,zastraszyć,1489
dust my blinds,odkurzyć moje rolety,1490
tackling,walczyć,1491
flagged,taflowy,1492
inevitable,nieunikniony,1493
hive,ul,1494
recuperation,regeneracja,1495
omission,pominięcie,1496
immediate,natychmiastowy,1497
backlash,reakcja,1498
diagonals,przekątne,1499
rave,majaczyć,1500
peninsula,półwysep,1501
utterly,całkowicie,1502
blaze,płomień,1503
solitary confinement,odosobnienie,1504
vicinity,sąsiedztwo,1505
cognition,poznawanie,1506
trigger cause,przyczyna przyczyny,1507
trigger,spust,1508
lame,kuleje,1509
impressed,pod wrazeniem,1510
loyal,wierny,1511
confine,ograniczać,1512
tense situation,napięta sytuacja,1513
dominant strain,dominujący szczep,1514
stem,łodyga trawy,1515
stem,trzon,1516
wedlock,małżeństwo,1517
underneath the mistletoe,pod jemiołą,1518
sought,poszukiwane,1519
gutter,rynna,1520
revoke,unieważnić,1521
redundant,nadmiarowe,1522
redemption,wykup,1523
reckless,lekkomyślny,1524
rear,tylne,1525
ravens,kruki,1526
profound,głębokie,1527
perpendicular,prostopadły,1528
redemption,odkupienie,1529
oath,przysięgą,1530
neglect,zaniedbania,1531
forsake,porzucić,1532
evokes,przywołuje,1533
counterfeited,podrobione,1534
came upon,przyszedł na,1535
bizarre,dziwaczny,1536
bereft of reason,pozbawiony rozumu,1537
atone,odpokutować,1538
acne,trądzik,1539
abandoned romanticize concept,koncepcja porzuconej romantyzmu,1540
bout,atak,1541
substantial progress,znaczny postęp,1542
surged,wzrósł,1543
grovel,czołgać się,1544
summoned,wezwany,1545
complicity,współudział,1546
tuition,czesne,1547
disgruntled,niezadowolony,1548
grumpy,gderliwy,1549
fortifying,pokrzepiający,1550
relaps,nawroty,1551
laxatives,środki przeczyszczające,1552
bump,guz,1553
affidavit,oświadczenie,1554
whack,walnięcie,1555
moulting,linienie,1556
veal,cielęcina,1557
overcommit,nadmierne zaangażowanie,1558
polls,ankiety,1559
rewind,przewijanie do tyłu,1560
reference,punkt odniesienia,1561
ligaments,więzadła,1562
retirement,przejście na emeryturę,1563
mugger,rabuś,1564
stillborn,poroniony,1565
deviseth,wymyślać,1566
diagonal,przekątna,1567
stint,skąpić,1568
barebones,chudzielec,1569
rarefied,rozrzedzony,1570
deductible,do odliczenia,1571
wretched,nędzny,1572
constitute,stanowić,1573
venue,miejsce spotkania,1574
lineal champions,mistrzowie liniowi,1575
submerge,zanurzać,1576
grift,grift,1577
disinfect,odkazac,1578
masculine,rodzaj męski,1579
greedy,grådig,1580
louse,lus,1581
eczema,eksem,1582
whatsoever,w ogóle,1583
exaggerate,wyolbrzymiać,1584
caught up,dogonił,1585
tendin,ścięgno,1586
eczema,wyprysk,1587
mock,håne,1588
conjugate,sprzężony,1589
fatigue seeking,poszukiwanie zmęczenia,1590
intentional,zamierzony,1591
overterm,przekroczyć,1592
offsprings,potomstwo,1593
outlandish,obcy,1594
rinse,wypłukać,1595
cornea,rogowka,1596
glittering,błyszczące,1597
shuddered,zadrżał,1598
subjugate,ujarzmiać,1599
danger street,fare gate,1600
postpartum,po porodzie,1601
what's wrong,hva er galt,1602
extortion,wymuszenie,1603
hustling,krzątanina,1604
retrieval,wyszukiwanie,1605
stapler,zszywacz,1606
staple food,podstawowe pożywienie,1607
shackle,jarzmo,1608
vaginal discharge,upławy,1609
commodify,commodify,1610
flamethrower,miotacz ognia,1611
he insulted me,obraził mnie,1612
savage,brutalny,1613
carbolic acid,kwas karbolowy,1614
dusk,zmierzch,1615
dawning,świt,1616
scruff,kark,1617
peering out,wyglądając,1618
inched up,zwiększone,1619
snuggle,tulić się,1620
meow,miauczeć,1621
fleas,pchły,1622
love affair,romans,1623
paws,łapy,1624
prancing,pyszałkowaty,1625
spermatozoid,plemnik,1626
accountability,odpowiedzialność,1627
defeated,pokonany,1628
deliberate,obradować,1629
silencer,tłumik,1630
excel,przewyższać,1631
reluctantly,niechętnie,1632
alluded,nawiązywał,1633
masticate,przeżuwać,1634
masticating,masticating,1635
assault,atak,1636
vicariously,zastępczo,1637
jack you off,jack you off,1638
jack you off,odwal się,1639
hustle,pośpiech,1640
drive me nuts,doprowadza mnie do szału,1641
residual,pozostały,1642
i am reliable,jestem niezawodny,1643
sprinkler,tryskacz,1644
enquire,dowiadywać się,1645
infantry,piechota,1646
austere,surowy,1647
predecessors,przodkowie,1648
cornered,osaczony,1649
apprehended,zatrzymany,1650
forensic identification,identyfikacja kryminalistyczna,1651
setback,wpadka,1652
comparable,porównywalne,1653
intimidation,zastraszenie,1654
neglect,zaniedbanie,1655
conceal,ukryć,1656
confines,granice,1657
alleviate,łagodzić,1658
warfare,działania wojenne,1659
confined,ograniczony,1660
middleman,pośrednik,1661
obese,otyły,1662
succumbed to cancer,ulegli rakowi,1663
cardiovascular disease,choroba sercowo-naczyniowa,1664
dilution,roztwór anulowanie,1665
bond that returns zero,"obligacja, która zwraca zero",1666
unraveling,rozwikłać,1667
bouncer,wykidajło,1668
reunited,ponownie się zjednoczył,1669
divestments,dezinwestycje,1670
bristle,jeżyć,1671
allude,wspominać,1672
resentment,uraza,1673
eternity,wieczność,1674
ramming,taranowanie,1675
friction,tarcie,1676
brandish,wywijać,1677
acclaim,oklaskiwać,1678
retain title,zachowaj tytuł,1679
anthrax,wąglik,1680
otitis,zapalenie ucha,1681
clitoral,łechtaczkowy,1682
cockroach,karaluch,1683
credential,poświadczenie,1684
savvy,rozumieć,1685
misalign,źle ustawić,1686
choppy waters,wzburzone wody,1687
condemned it,potępił to,1688
retina,siatkówka oka,1689
tip,wskazówka,1690
tip,napiwek,1691
tip,koniuszek,1692
perpetrator,sprawca,1693
sewage,ścieki,1694
marvel,podziwiać,1695
mocked,wyśmiewali się,1696
dimension,wymiar,1697
conduct,postępek,1698
survey,ankieta,1699
gender pronouns,zaimki płciowe,1700
nutrients,składniki odżywcze,1701
tepid,chłodny,1702
intersects,przecinają się,1703
diagonal,przekątna,1704
round peg,okrągły kołek,1705
perpendicular,prostopadły,1706
consent,zgoda,1707
cherish,kochać,1708
patsy,patsy,1709
dehydration,odwodnienie,1710
underestimate,nie doceniać,1711
messed up,zawiedli,1712
forensic,sądowy,1713
hassle,mordęga,1714
pounding,łomotanie,1715
cloth,płótno,1716
consult,konsultować,1717
acknowledge,uznać,1718
reverend,kleryk,1719
reverend,czcigodny,1720
seizure disorder,zaburzenie napadowe,1721
brawl,bijatyka,1722
looter,szabrownik,1723
lethal,śmiertelny,1724
grid,siatka,1725
lentils,soczewica,1726
navel,pepek,1727
overhaul,wyremontować,1728
pallbearer,karawaniarz,1729
discard,odrzucać,1730
are you jewish?,jesteś żydem?,1731
gentile,goj,1732
fertilizer,nawóz,1733
roll bar,pasek przechyłu,1734
razed,zrównane z ziemią,1735
dreadlocks,dredy,1736
"descended into the sewers, subways and water tunnels of new york","zstąpił do kanałów, metra i tuneli wodnych nowego jorku",1737
mindset,sposób myślenia,1738
prevent seizures,zapobiegać napadom padaczkowym,1739
plea,zarzut,1740
fuse,bezpiecznik,1741
mending,naprawa,1742
roadman,drogowiec,1743
heather,wrzos,1744
high tide,przypływ,1745
moor,wrzosowisko,1746
lisp,seplenić,1747
voicing concerns,wyrażanie obaw,1748
obstruction,przeszkoda,1749
portable stove,przenośny piec,1750
saucepan,rondel,1751
post mortem,post mortem,1752
blood vessel,naczynie krwionośne,1753
off the grid,poza siecią,1754
yield,wydajność,1755
violates,narusza,1756
eschews,unika,1757
reimbursing,zwrot,1758
sightseeing,zwiedzanie,1759
gauge,wskaźnik,1760
content,zadowolony,1761
uppity,zarozumiały,1762
arguably,prawdopodobnie,1763
safety-valve,zawór bezpieczeństwa,1764
lashing up.mocovanie się,przywiązanie do góry.mocovanie się,1765
lashing up,mocowanie,1766
perjury,krzywoprzysięstwo,1767
raunchy,sprośny,1768
recount,opowiadać,1769
relapse,nawrót czegoś,1770
subject to the receipt,pod warunkiem otrzymania,1771
navel,pępek,1772
mildew,pleśń,1773
mold,pleśń,1774
contaminated,zanieczyszczone,1775
cleavage,łupliwość,1776
recline,układać,1777
trapped,uwięziony,1778
retaliation,odwet,1779
benign,łagodny,1780
inclination,nachylenie sklonnosc,1781
cane,laskowy,1782
cane,trzcinowy,1783
yields,plony,1784
mankind,ludzkość,1785
delusion,złudzenie,1786
struck,powalony,1787
staggered,rozłożone,1788
disapproval,nieprzychylność,1789
locket,medalik,1790
slack,luźny,1791
harsh,szorstki,1792
pawnbroker,właściciel lombardu,1793
stain,plama,1794
grueling,wyczerpujący,1795
remained,pozostało,1796
wicked woman,niegodziwej kobiety,1797
disagreeable,nieprzyjemny,1798
beadle,woźny sądowy,1799
sewer,kanał ściekowy,1800
nauseous,nudny,1801
peek,zerkać,1802
retreat,wycofać się,1803
observe,przestrzegać,1804
taunted,drwili,1805
disposal,sprzedaż,1806
traits,cechy,1807
went down,zszedł,1808
trickle down,spłukać,1809
rabid,wściekły,1810
rallies,wieców,1811
foresee,przewidywać,1812
bedrocks,bedrocks :: english > polish,1813
denigrate,oczerniać,1814
outlet,wylot,1815
derided,wyśmiewał się,1816
knee braces,klamry kolanowe,1817
setbacks,niepowodzenia,1818
reign,królować,1819
brought up,wychowany,1820
cheater,oszust,1821
tainted,skażony,1822
reigning,panujący,1823
unleash,rozpętać,1824
deduction,odliczenie,1825
tax liability,zobowiązanie podatkowe,1826
sage advice,mądrość porad,1827
ineligible,którego nie można wybrać,1828
prone,leżący twarzą na dół,1829
eloped,eloped :: english > polish,1830
melee,bijatyka,1831
disguised,przebrany,1832
hitch-hiking hijacking,porwania się po hitch-hiking,1833
lethal,śmiertelny,1834
pious,pobożny,1835
preemptively,prewencyjnie,1836
interrogating,przesłuchanie,1837
expert witness,biegły sądowy,1838
pageants,konkursy,1839
to recoup,odzyskać,1840
advisable,wskazany,1841
oblivion,zapomnienie,1842
attainable,osiągalny,1843
hatchet,topór,1844
pastimes,rozrywki,1845
solitary,samotny,1846
gave off,oddał,1847
hurried out,pośpiesznie,1848
drew,rysował drew breath,1849
humiliated,upokorzony,1850
interrogated,przesłuchiwany,1851
evasion,uchylanie się,1852
coughing fits,napady kaszlu,1853
as penance,jako pokutę,1854
takes measures,podejmuje środki,1855
bedsores,odleżyny,1856
a process comparable to peeling back the layers of an onion (hence the name),proces porównywalny odrywając warstwy cebuli (stąd nazwa),1857
endangering her government aid,narażania jej pomoc rządową,1858
bestows,obdarza,1859
out of loyalty,z lojalności,1860
dismay,przerażenie,1861
tirelessly,niestrudzenie,1862
atonement,pokuta,1863
fumes,opary,1864
residue,pozostałość,1865
evaporate,odparować,1866
contain carcinogen,zawierają rakotwórcze,1867
topical application,stosowanie miejscowe,1868
ingest,łykać,1869
latency,czas oczekiwania,1870
ambitious,ambitny,1871
dispatch,wysyłka,1872
blazed,płonęły,1873
reek,smród,1874
stash,chować na potem,1875
femurs,kości udowe,1876
untraceable,niewykrywalne,1877
associated,powiązany,1878
injunction,nakaz,1879
utility,użyteczność,1880
utilizes,wykorzystuje,1881
redirection,przekierowanie,1882
entire,cały,1883
tedious.,nudny.,1884
get stoned,naćpać,1885
lace,sznurowadło,1886
goblet,czara,1887
thorns,ciernie,1888
rustle,szelest,1889
devoured,pożarty,1890
fairest,najpiękniejsza,1891
haughty,wyniosły,1892
rosy,różany,1893
spherical,kulisty,1894
jaundice,żółtaczka,1895
acute hepatitis,ostre zapalenie wątroby,1896
rehearsed,przećwiczone,1897
flashback,wspomnienie,1898
overbearing,apodyktyczny,1899
vague,niejasny,1900
work off,pozbyć się dzięki pracy,1901
overheard,podsłuchał,1902
envied,zazdrościli,1903
it was numbing,był paraliżujący,1904
testimony,świadectwo,1905
racked up,zgarnął,1906
from within,z wewnątrz,1907
glowing,rozjarzony,1908
ravaged,zniszczonym,1909
short fuse,szybko i często się denerwować,1910
wing it,improwizowac,1911
wind upwound up doing right things,znajdować się w sytuacji,1912
wind up,znajdować się w sytuacji,1913
burden,obciążenie,1914
way out,wyjście,1915
hookup,połączenie,1916
live up to it,wywiązać się z niego,1917
whirlpool,wir,1918
is sweeping,przetacza,1919
it lasted,to trwało,1920
nausea,nudności,1921
toddler,brzdąc,1922
stag,jeleń,1923
peculiar,szczególny,1924
has at least,ma co najmniej,1925
meningitis,zapalenie opon mózgowych,1926
germs,zarazki,1927
unsightly,brzydki,1928
obstacle,przeszkoda,1929
enema,lewatywa,1930
foreplay,gra wstępna,1931
thrusting,wepchnięcie,1932
acquiesce,zgodzić się,1933
harassing,niepokojenie,1934
reckon with,liczyć się z,1935
courtesy,kurtuazja,1936
reluctant.,niechętny.,1937
postnatal depression,depresja poporodowa,1938
people get on her case,ludzie zaczeli ja krytykowac,1939
vicious,złośliwy,1940
modest,skromny,1941
endorsement,poparcie,1942
i will make up to you,i'll compensate,1943
negligence,zaniedbanie,1944
coffin,trumna,1945
outstanding debt,zadłużenie,1946
we will call and quits,bedziemy kwita,1947
rain off our heads,miec spokoj,1948
i don't want to have me pants pulled down over the price,nie chcę by mnie wycyckali przy ustalaniu ceny.,1949
tickling,łaskotanie,1950
behold,ujrzeć,1951
conceive,pojąć,1952
at the very least,przynajmniej,1953
to pave,utorować,1954
reimbursed,zwrot,1955
seized,zajętych,1956
inquisitive,ciekawy,1957
dishevelled,rozczochrany,1958
slender,smukły,1959
vehemently,stanowczo,1960
orchestrated,zaaranżowana,1961
to lure,zwabić,1962
plague,plaga,1963
denial,odmowa,1964
stillborn,nieżywo urodzony,1965
battered body,poobijany ciało,1966
deep grievance,głębokie zażalenia,1967
overlooked,pomijane,1968
scantily clad women,skąpo ubrane kobiety,1969
reconciled,pogodzić,1970
excruciating position,rozdzierający pozycji,1971
intestines,jelita,1972
binding,wiążący,1973
a noose,pętla,1974
he drew closer,podszedł bliżej,1975
perch,okoń,1976
inlet,wlot,1977
dar­ted off,rzucił się,1978
assaulted her,zaatakował ją,1979
uttering,mówiący,1980
look forward to,oczekiwać,1981
seemingly,pozornie,1982
flattered,pochlebia,1983
glamorous,czarujący,1984
hereditary,dziedziczny,1985
severity varies,nasilenie różni,1986
red patches,czerwone plamy,1987
psoriasis,łuszczyca,1988
flawless,bez skazy,1989
"strangulation,","uduszenie,",1990
castigate,chłostać,1991
scatology,nauka o ekskrementach,1992
damaging,szkodliwe,1993
famine,głód,1994
aligned,wyrównany,1995
pails,wiaderka,1996
spit it out,wypluć,1997
outliers,odstających,1998
everlasting,wieczny,1999
outweigh,przeważać kogoś coś,2000
downside,minusem,2001
beloved,ukochany,2002
trumped,zmyślone,2003
judicious,rozsądny,2004
fatigue,zmęczenie,2005
myopic,krótkowzroczny,2006
libel,oszczerstwo,2007
he asked to be excused,poprosił o zwolnienie,2008
the testimony,świadectwo,2009
small intestine,jelito cienkie,2010
grappling with,zmagają się z,2011
rapidly assessed,szybko ocenić,2012
for this lies,za to ponoszą,2013
altercation,sprzeczka,2014
unsanctioned,bezkarna,2015
brawler,awanturnik,2016
the pitch,boisko,2017
trench warfare,okopy,2018
insight,wgląd,2019
placed,umieszczony,2020
in cordials,w nalewki,2021
adulterants,podróbkami,2022
heritable,dziedziczne,2023
artificial,sztuczny,2024
raft,tratwa,2025
beetle,chrząszcz,2026
a kite,latawiec,2027
lug,targać,2028
indispensable,niezbędny,2029
applaud,bić brawo,2030
vacant,pusty,2031
causeway,grobla,2032
vistas,widoki,2033
slight edge,lekką przewagę,2034
cutting-edge,najnowocześniejsze,2035
statutory,ustawowy,2036
bachelor,kawaler,2037
tenancy,dzierżawa,2038
overwhelming,przytłaczający,2039
waged,toczonej,2040
savages,dzikusy,2041
wield,władać,2042
wager,zakład,2043
principal,główny,2044
in the siege,w oblężeniu,2045
derivatives,pochodne,2046
scuffle,bójka,2047
flings,rzuca,2048
her remains,jej szczątki,2049
untimely death,przedwczesna śmierć,2050
prompt,skłonić,2051
likeness,podobieństwo,2052
resemblance,podobieństwo,2053
laws and utility,prawa i użyteczność,2054
suppositories,czopki,2055
sorcerer,czarownik,2056
pledged,zastaw,2057
flax,len,2058
planks,deski,2059
seduce,uwieść,2060
gallivant,włóczyć sięgonic za kobitkami,2061
gallivant,włóczyć się,2062
grand,wielki,2063
warts,brodawki,2064
ascension,wniebowstąpienie,2065
lawful,legalny,2066
tusks,kły,2067
boar,dzik,2068
fled,uciekł,2069
undo,cofnij,2070
freed,uwolniony,2071
bladder,pęcherz,2072
inversely,odwrotnie,2073
decline,upadek,2074
comprehensive,wszechstronny,2075
of state assets,aktywów państwowych,2076
to plug holes,zatkać dziury,2077
divestment,ogołocenie,2078
damning,potępiający,2079
caution,przestrogi,2080
own filth,własnych odchodach,2081
flogging,chłosta,2082
divisive,dzielący,2083
closeness,bliskość,2084
hustle,pośpiech,2085
comprehend,zrozumieć,2086
cardiovascular,układu sercowo-naczyniowego,2087
decelerate,zmniejszać prędkość,2088
because of habitat loss,z powodu utraty siedlisk,2089
roamed,wędrował,2090
esophagus,przełyk //isofiges,2091
esophagus,przełyk,2092
dry by,wysuszyć,2093
stool,stolec,2094
sensibilities,delikatność uczuć,2095
stalled,utknęły,2096
pecker,kutas,2097
assets,majątek,2098
lard,smalec,2099
nicely,ładnie,2100
pull over,zjechać na pobocze,2101
senile,starczy,2102
straw,słoma,2103
before dawn,przed świtem,2104
miserly,skąpy,2105
plead,błagać,2106
chip in,"postawić, złożyć sie",2107
chip in,postawić,2108
intent,zamiar,2109
pail,wiadro,2110
scraps,skrawki,2111
turnip,rzepa,2112
swing,"huśtawka , rozmach",2113
shrine,świątynia,2114
hostility,wrogość,2115
felt numb,czułem zdrętwiałe,2116
pitcher,dzban,2117
den,legowisko,2118
scrubbing,szorowanie,2119
suffocate,dusić,2120
worn-out,wyczerpany,2121
give over,przekażę,2122
cutaway view,widok w przekroju,2123
stroller,wózek dziecięcy,2124
vacated,opuszczone,2125
premises,lokal,2126
gallstones,kamienie żółciowe,2127
round up,zrobić obławę,2128
leg cramp,kurcze nóg,2129
noose,pętla,2130
naugahyde,"sztyczny material , wytrzymaly",2131
shabby,brudny nędzny,2132
curfew,godzina policyjna,2133
recuperate,odzyskać siły,2134
eventually,ostatecznie,2135
upon release,po zwolnieniu,2136
by comparison,w porównaniu,2137
lice,wszy,2138
pus,ropa,2139
crust,skórka na chlebie,2140
spotlessly,nieskazitelnie,2141
herring,śledź,2142
trenches,rowy,2143
leftover,resztki,2144
sore,ból,2145
hemorrhaging,krwotok,2146
cataract,zaćma,2147
glaucoma,jaskra,2148
brace yourself,przygotuj się,2149
rode,jechał,2150
come out,wyjść,2151
diabetes,cukrzyca,2152
druggist,aptekarz,2153
hosiery,wyroby pończosznicze,2154
dowry,posag,2155
pedal,pedałować,2156
get along,dawać sobie radę,2157
their toll,swoje żniwo,2158
insular,wyspiarski,2159
wait up,zaczekaj,2160
rotten egg,zgniłe jajko,2161
solar,słoneczny,2162
guidelines,wytyczne,2163
endeavor,dążyć,2164
sight,widok,2165
surfacing.,wypłynąć na powierzchnię .,2166
twilight,zmierzch,2167
nightfall,zmrok,2168
dusk,zmierzch,2169
dawn,świt,2170
estranged,obcy,2171
mildly,łagodnie,2172
blunder,pomyłka,2173
devout,pobożny,2174
breach,wyłom,2175
retaken,odzyskali,2176
amends,odszkodowanie,2177
combined,łączny,2178
came upon,nadszedł,2179
torch,pochodnia,2180
captivity,niewola,2181
starve,głodować,2182
dwarf,krasnolud,2183
contrary,przeciwnie,2184
evaluate,rachowac,2185
evaluate,oceniać,2186
liberate,uwalniać,2187
caveats,ostrzeżenia,2188
credence,wiara,2189
elder,starszy,2190
amicable,przyjazny,2191
role model,wzór do naśladowania,2192
tender,delikatny,2193
harvest moon,pełnia księżyca,2194
portable,przenośny,2195
oversaw,nadzorował,2196
spear,włócznia,2197
discount,zniżka,2198
shackles,kajdany,2199
urge,impuls,2200
incapable,niezdolny,2201
reluctant,niechętny,2202
loot,łup,2203
bringing up the rear,zamykał pochód,2204
leaned,pochylił,2205
harshly,cierpko zgryźliwie,2206
stride stride,krok (inny czas),2207
sourly,kwaśno,2208
bile,żółć,2209
frowned,zmarszczył,2210
bowed,skłonił,2211
contrition,skrucha,2212
degenerates,degeneratów,2213
chastise,karać,2214
arousal,pobudzenie,2215
endured,znosił,2216
validation,uprawomocnienie,2217
uterus.,macica.,2218
womb,łono,2219
append,dodać,2220
requisite,wymagany,2221
preferable,lepszy,2222
ambiguity.,dwuznaczność.,2223
dairy,nabiał,2224
intimitate,prywatność,2225
extricated,wydobył,2226
timorous,bojaźliwy,2227
the insincere,nieszczery,2228
assaults,napastowanie,2229
for its revenue,jej przychodów,2230
preceding,poprzedzający,2231
introduce,przedstawiać,2232
many flaws,wiele wad,2233
myriad of obstacles throughout his life,mnóstwo przeszkód przez całe życie,2234
weeping,płacz,2235
janitor,dozorca,2236
bullying,znęcanie się,2237
fell off,spaść,2238
purpose,cel,2239
pick on,czepiają,2240
tease me,drażnij mnie,2241
cut off,odciąć,2242
reckon,liczyć się,2243
assignment,zadanie,2244
entitled to,uprzywilejowana do,2245
relevant,istotnych,2246
leisure,wolny czas,2247
defied,przeciwstawił,2248
precast,prefabrykaty,2249
in remembrance of the ordeal,na pamiątkę męki,2250
she was swept up,była zmieciony,2251
perishes,ginie,2252
endeavored,usiłowali,2253
allegedly illegal,rzekomo nielegalne,2254
quarrels,handryczenie się,2255
vowels,samogłoski,2256
encounter,spotkanie,2257
"self-consciousness,","samoświadomość ,",2258
confidential,poufny,2259
sue,pozwać,2260
under seal,pod zamknięciem,2261
hours of mankind,godzina ludzkości,2262
is to simply rip,jest po prostu zgrać,2263
to cater,aby zaspokoić,2264
scapegoat,kozioł ofiarny,2265
withdrew,wycofał,2266
the last nuns,ostatnie zakonnice,2267
botched,nieudana,2268
intimate,intymny,2269
do not contradict ourselves,nie zaprzeczają sobie,2270
hoebag,kurwiszon nad kurwiszony,2271
majority,większość,2272
sufficient initial evidence,wystarczające dowody początkowa,2273
deploy,rozlokować oddział,2274
only placed under preliminary investigation,tylko umieszczony pod wstępnego dochodzenia,2275
bucket list,lista rzeczy do zrobienia przed śmiercią,2276
at council of europe,w radzie europy,2277
are point coordinates,są współrzędne punktu,2278
innermost,najgłębszy,2279
withdrawal,wycofanie,2280
supplement,uzupełnienie,2281
denotes,oznacza,2282
can be applied,mogą być stosowane,2283
and which operations can be applied,i które operacje mogą być stosowane,2284
prompts,skłonic,2285
parallel,równolegle,2286
dispassionate,beznamiętny,2287
lever,dźwignia,2288
thirst quenching,gaszące pragnienie,2289
hostile,wrogi,2290
abhorrent,odrażający,2291
plethora,nadmiar,2292
you never feel cooped up,nigdy nie czują się stłoczonych,2293
dwell,mieszkać,2294
the humidity,wilgotność,2295
interconnectedness,wzajemne powiązania,2296
intimidating,zastraszające,2297
audacity,śmiałość,2298
stale,nieświeży,2299
bonded subcontracting,związany podwykonawstwo,2300
conducted raids,prowadzone naloty,2301
discourage,zniechęcać,2302
has prompted,skłoniło,2303
prevailing,dominujący,2304
re-admissible,ponowne dopuszczalne,2305
obstetrician,położnik,2306
fraudulent schemes,oszukańcze systemy,2307
repealed,uchylona,2308
facilitation,ułatwienie,2309
may be utilized,może zostać wykorzystany,2310
adhering,przylegającą,2311
actionable,zaskarżalny,2312
unfounded,bezzasadny,2313
unchain,rozkuć,2314
life expectancy,długość życia,2315
cognitive bias,błąd poznawczy,2316
cognitive,poznawczy,2317
not life threatening.,nie zagrażające życiu.,2318
ultimately,ostatecznie,2319
grouch,zrzęda,2320
smack dab,zimnica,2321
interfere,mieszac sie,2322
unhitching,odczepianie,2323
barn,stodoła,2324
blizzard,burza śnieżna,2325
bushwhack,nagla napasc,2326
fetched,naciągane,2327
stew,gulasz,2328
committed,zobowiązany,2329
captivating,urzekający,2330
dumbest,najgłupsze,2331
lick,lizać,2332
heartbreaking liars promise,wzruszajace klamstwa,2333
i spit on it,pluję na nim,2334
a yellow stripe down your back,tchorz,2335
trigger,"wywołać, spust broni",2336
concerned,zaniepokojony,2337
stroke of luck,łut szczęścia,2338
applies,dotyczy,2339
pretty sneaky,całkiem sprytne,2340
remain,pozostawać,2341
precautions,środki ostrożności,2342
ravings,majaczenia,2343
leather patience,skóra cierpliwość,2344
duplicitous,dwulicowy,2345
unconditional,bezwarunkowy,2346
apt,trafny,2347
inclination,nachylenie,2348
captured,schwytany,2349
outta,stąd,2350
facilitate,ułatwiać,2351
kept up in her absence,utrzymane w jej braku,2352
headstone,nagrobek,2353
symbolic plot,działka symboliczne,2354
resolve,rozwiązać,2355
stew food,gulasz żywności,2356
never struck me,nigdy nie uderzyło mnie,2357
sounds peculiar,brzmi osobliwe,2358
chap,facet,2359
bounty hunter,łowca nagród,2360
the stable,stajni,2361
haberdashery,pasmanteria,2362
latch,zatrzask,2363
steer clear of,omijać,2364
saddle,siodło,2365
abrupt,nagły,2366
guts,wnętrzności,2367
overrated,przereklamowane,2368
bounty,hojność,2369
revocation,unieważnienie,2370
misrepresent,zakłamać,2371
settlement plan,plan rozliczenia,2372
reluctant immigrant,niechętnie imigrantów,2373
social welfare,pomoc społeczna,2374
probation,staż,2375
timing belt,pasek rozrządu,2376
woes,nieszczęścia,2377
in surveys,w ankietach,2378
pattern,wzór,2379
competencies,kompetencje,2380
check tires for wear and inflation regularly,sprawdzić opony pod kątem zużycia i inflacji regularnie,2381
toughest,najtwardszy,2382
axles,osie,2383
obstructing,zapierający,2384
barely,ledwo,2385
pet peeve,denerwuje,2386
unfamiliar,nieznany,2387
beseeching,błagalny,2388
profound,głęboki,2389
fetch you down,sprowadzić na dół,2390
covetousness,chciwość,2391
reckoning,rachunek,2392
fair compensation,godziwej rekompensaty,2393
inviolable,nienaruszalny,2394
grant,udzielic,2395
expose,narazic,2396
trampled,deptane,2397
idle,bezczynny,2398
beguile,oszukać,2399
fiddle,skrzypce,2400
ungodly,bezbożny,2401
damnation,potępienie,2402
consign,skladac,2403
consign,frachtować,2404
gory,krwawy,2405
the swamp,bagno,2406
gut,jelito wypatroszyc,2407
gut,jelito,2408
foul,faul zanieczyszczone,2409
concede,przyznać ustapic,2410
concede,przyznać,2411
lusty,krzepki,2412
peculiarities,osobliwości wlasciwosc,2413
predilection,szczególne upodobanie,2414
fidelity,wierność,2415
retrieve,odzyskać,2416
were inquiring about distinguished individuals,zostały pyta o wybitnych osób,2417
rags,łachmany,2418
tatters,łachmany,2419
cast down,rzucać,2420
your leisure,twój wypoczynek,2421
piles,hemoroidy,2422
heap,stos,2423
dawdle,mitrężyć,2424
overseer,nadzorca,2425
peck,dziobać,2426
marvel,podziwiać,2427
is the least of it,jest co najmniej o nim,2428
brute,bydlę,2429
stripes,paski,2430
reluctance,niechęć,2431
sloppy,niechlujny,2432
ultimate,najwyższy,2433
exclamation,wykrzyknik,2434
abrasive,ścierny,2435
filaments.,włókna .,2436
relays,przekaźniki,2437
will reveal,ujawni,2438
weirdly,upiornie,2439
frontrunner,liderem,2440
contemporary,współczesny,2441
roaring,ryk,2442
outcome,wynik,2443
probable cause,prawdopodobna przyczyna,2444
in a duffel bag,w torbie,2445
was apprehended,został zatrzymany,2446
surfaced,pojawiły,2447
with harrowing lawsuits,z wstrząsających spraw sądowych,2448
you oughta know,powinieneś wiedzieć,2449
various relatives,różne krewni,2450
i regarded as very precious,i traktowane jako bardzo cenny,2451
own children's guardians,opiekunowie własnych dzieci,2452
sources differ,źródła różnią,2453
corporal punishment,kara cielesna,2454
briefly,krótko,2455
she ended up bedridden,zakończyła się ona przykuta do łóżka,2456
the physician marveled;,lekarz dziwili ;,2457
"bade me lean on god's love,","kazał mi oprzeć się na bożą miłość ,",2458
bade me,kazał mi,2459
the scriptures,pismo święte,2460
overturned,wywrócony,2461
capitalize on that,"wykorzystać, że",2462
inducing,wywoływania,2463
incapacitate,ubezwłasnowolnić,2464
lunging in.,rzucając się .,2465
oft-overlooked,często pomijane,2466
signaling a return to the studio system,sygnalizując powrót do systemu studio,2467
a sort of lean,rodzaj chude,2468
flourishing,kwitnący,2469
captivated,urzeczony,2470
turned down,odrzucił,2471
dump you,zrzucić cię,2472
fulcrum,punkt podparcia,2473
concussion,wstrząs mózgu,2474
impressment,branka,2475
get stuffed,wypchaj się,2476
sequence,sekwencja,2477
tuples,krotki,2478
ascending,rosnąco,2479
sneak peek,zapowiedź,2480
comprehension,zrozumienie,2481
omit,pomijać,2482
unavailable due to scheduled maintenance.,niedostępne z powodu zaplanowanej konserwacji .,2483
to lay it on the line,mówić bez ogródek,2484
tactical gear,wyposażenie taktyczne,2485
square up,rozliczać się,2486
necklace,naszyjnik,2487
paved.,wybrukowany.,2488
enshrined,zapisana,2489
ruggedness,wytrzymałość,2490
notably,szczególnie,2491
accomplice,wspólnik,2492
ransacked her,splądrowali ją,2493
though,chociaż,2494
acquitted,uniewinniony,2495
allegedly,rzekomo,2496
ultimately split,ostatecznie podzielone,2497
lawsuit,pozew sądowy,2498
sobbing,szlochając,2499
bail,kaucja,2500
misdemeanor,wykroczenie,2501
pleaded,przyznał się,2502
lease,wynajem,2503
though rarely,choć rzadko,2504
commonwealth,wspólnota,2505
was weakened,był osłabiony,2506
was an encounter,było spotkanie,2507
he is credited,przypisuje mu się,2508
accomplish for her age,osiągnięcia jak na swój wiek,2509
fetch,sprowadzać,2510
dreadful,straszny,2511
apparent,pozorny,2512
mocking,szyderczy,2513
keen,zapalony,2514
superior,lepszy,2515
gazed,spoglądał,2516
delighted,zachwycony,2517
flatter,pochlebiać,2518
particularly,szczególnie,2519
accidents,wypadki,2520
mortality rates,śmiertelność,2521
distinctive,charakterystyczny,2522
the mending,cerowanie,2523
tinsmithing,blacharsko,2524
distinguished,wybitny,2525
squandered,roztrwonił,2526
curbs,krawężniki,2527
sprawled on the carpet,leżał na dywanie,2528
sprawled,rozwalony,2529
lingering,przewlekły,2530
roast,pieczeń,2531
her cope,jej poradzić sobie,2532
digestible,strawny,2533
merely,jedynie,2534
coordinates,współrzędne,2535
shin,goleń,2536
thoughtfully,zamyśleniu,2537
vaccination,szczepienie ochronne,2538
drug overdose,przedawkowania narkotyków,2539
custody dispute,opieki spór,2540
and preceded a custody dispute over their two daughters,oraz poprzedzone sporu opiekuńczego nad ich dwiema córkami,2541
warlock,czarodziej,2542
dismissal,zwolnienie,2543
goddesses,boginie,2544
feature documentary,film dokumentalny,2545
was featured,została wyróżniona,2546
made headlines,na pierwszych stronach gazet,2547
not permitted,niedozwolone,2548
rushed out,wybiegł,2549
disbelief,niedowierzanie,2550
slide out,wysuń,2551
filthy slut.,brudna dziwka .,2552
affiliation,przynależność,2553
pled guilty,przyznał się,2554
denied,zaprzeczył,2555
public safety concerns,obawy o bezpieczeństwo publiczne,2556
initially,początkowo,2557
allegiance,wierność,2558
pledged,zobowiązali,2559
undergoes,ulega,2560
tends to remain trapped in the fibrous tissue,zazwyczaj pozostają uwięzione w tkankę włóknistą,2561
deflate,siadać,2562
capsular contracture,przykurczu torebki,2563
inserted,włożona,2564
outer,zewnętrzny,2565
ruptures,pęknięcia,2566
apply pressure,uciskać,2567
encountered,napotkał,2568
insurgency,powstanie przeciw władzy,2569
contravening,naruszania,2570
facing adversity,przeciwności stoi,2571
vicissitudes,zmienne koleje losu,2572
endurance,wytrzymałość,2573
adversity,nieszczęście,2574
shrewdness,przebiegłość,2575
prudence,roztropność,2576
conveys,przekazuje,2577
tenets,założenia,2578
fierce,dziki,2579
disclosure,ujawnienie,2580
abductors,porywacze,2581
laced,splecione,2582
apart,niezależnie,2583
protecting grazing spaces,ochrony miejsc wypasu,2584
predominantly,przeważnie,2585
sedentary,siedzący,2586
elaborate,opracować,2587
short kinky hair,krótki splątane włosy,2588
tending towards corpulence,z tendencją do tuszy,2589
are stocky,są krępe,2590
captive,jeniec,2591
potter,garncarz,2592
code of conduct common,kodeks postępowania wspólnego,2593
most widely dispersed,najczęściej rozproszone,2594
"but two men
stepped forward","ale dwóch mężczyzn
 wystąpił na przód",2595
mountainous body,górzysty ciała,2596
he stared up,wpatrywał się,2597
nodded,przytaknął,2598
lowering,opuszczenie,2599
dreary,ponury,2600
fear,strach,2601
mosque,meczet,2602
decimated,zdziesiątkowana,2603
condemn,potępiać,2604
caution,ostrożność,2605
massacre,masakra,2606
come right away,pochodzić od razu,2607
obnoxious,nieprzyjemny,2608
rug,dywan,2609
cuddle up,wtulić się,2610
wrap it up,zawiń go,2611
dwarfs,karły,2612
animosity,animozja,2613
callous,stwardniały,2614
misconception,nieporozumienie,2615
enormous burden,ogromny ciężar,2616
morons.,kretyni .,2617
hallowed,święć,2618
art in heaven,jesteś w niebie,2619
thine,twój,2620
trespass,wykroczenie,2621
suing,pozwania,2622
slain,zabity,2623
credentials,listy uwierzytelniające,2624
afforded,zapewniono,2625
tendency,tendencja,2626
flatly,obojętnie,2627
elope,zbiec,2628
nuptials,zaślubin,2629
the curvaceous,wyprofilowana,2630
the prejudiced,pokrzywdzonych,2631
the vast majority,zdecydowana większość,2632
mourn,opłakiwać,2633
is tipped,jest typowany,2634
et to tie the knot,i wziąć ślub,2635
enclose,ująć,2636
executives,kierownictwo,2637
prior,wcześniejszy,2638
participating,uczestnicząc,2639
wowed,zachwycił,2640
beat the odds,pokonać wszelkie przeciwności losu,2641
firing,ostrzał,2642
inclusive,włącznie,2643
obscurity,zapomnienie,2644
steadfastly,wytrwale,2645
impeccably,nienagannie,2646
meddling,wtrącanie,2647
voracious,nienasycony,2648
method,metoda,2649
drifter,włóczęga,2650
out of time,brak czasu,2651
out of place,nie na miejscu,2652
whimper,biadolić,2653
entirely,całkowicie,2654
slyness of a slave,chytrość niewolnika,2655
slyness,chytrość,2656
amplify,wzmacniać,2657
attend,uczęszczać,2658
we are up against,jesteśmy przeciwko,2659
adjustment,regulacja,2660
imposes,nakłada,2661
consensus,zgoda,2662
always conducted,zawsze prowadzone,2663
implemented,realizowane,2664
elementary intervals,elementarne odstępy,2665
properties,nieruchomości,2666
implicitly,niejawnie,2667
implies,oznacza,2668
consecutive,kolejny,2669
depicts,przedstawia,2670
if segments merely,jeśli segmenty tylko,2671
intersects,przecina,2672
subsequent,kolejny,2673
bonfire,ognisko,2674
by scrambling,przez kodowania,2675
alter,zmieniać,2676
infinite,nieskończony,2677
in ascending order,w porządku rosnącym,2678
invaluable,bezcenny,2679
you invoke,wywołać,2680
embedded,wbudowany,2681
strung,naciągnięty,2682
strun,strun,2683
presumably,przypuszczalnie,2684
prompt,szybka,2685
peers,rówieśnicy,2686
notoriety,rozgłos,2687
and enrolled them,i zapisał je,2688
lineage,rodowód,2689
shatter,roztrzaskać,2690
mourning,żałoba,2691
he were dismissing,że zostały odwoływanie,2692
i have endeavoured,starałem,2693
recoil,odrzut,2694
flinch,wzdrygnąć się,2695
flinched,wzdrygnął,2696
ship,okręt,2697
angling,wędkarstwo,2698
sanity,zdrowie psychiczne,2699
you are way off beat,jesteś daleko pokonać,2700
frequency,częstotliwość,2701
patterns,wzory,2702
ambiguity,dwuznaczność,2703
comprehensible input,wejście zrozumiałe,2704
relevance,znaczenie,2705
dispel,rozwiać,2706
squirrel,wiewiórka,2707
expanding,rozszerzenie,2708
you easily empathize with the concerns of other people,łatwo wczuć się w problemy innych ludzi,2709
you easily see the general principle behind specific occurrences,od razu widać ogólną zasadę za konkretnych zdarzeń,2710
you are inclined to rely more on improvisation than on prior planning,"jesteś skłonny do bardziej polegać na improwizacji, niż na wcześniejszym planowaniu",2711
strict observance of the established rules is likely to prevent attaining a good outcome,ścisłe przestrzeganie ustalonych zasad może zapobiec osiągnięciu dobrego rezultatu,2712
compassion,współczucie,2713
engaged,zajęty,2714
uncertain,niepewny,2715
"in the aftermath of the attack, setting up a makeshift operating theater in an undamaged room.","w następstwie ataku, utworzenie prowizoryczną salę operacyjną w nieuszkodzonym pokoju.",2716
emerged,pojawiły,2717
justify,usprawiedliwiają,2718
deliberately,celowo,2719
outwit,przechytrzyc,2720
i was knocked out,i został znokautowany,2721
retrieval day,pobieranie dni,2722
bruise,siniak,2723
fertility,płodność,2724
lateral part of the elbow.,części boczne łokcia.,2725
tendon,ścięgno,2726
attendance,frekwencja,2727
dicey,ryzykowny,2728
outnumbered,przewagę liczebną,2729
get bogged down,ugrzęznąć,2730
were wedded,były przywiązane,2731
detachment of the rebellion,oddział buntu,2732
break off,zerwać,2733
reading of a will,odczytanie testamentu,2734
defrocked,zawieszony w pełnieniu obowiązków (do księży),2735
historic injustice,historyczną niesprawiedliwością,2736
betrays,zdradza,2737
shrinking,kurczący się,2738
spared,oszczędził,2739
proficiency,biegłość,2740
stumble,potknąć się,2741
outrage,skandal,2742
reject,odrzucać,2743
splendid,wspaniały,2744
hauling,ciągnięcia,2745
enrolled,studia,2746
the price has rebounded,cena odbił,2747
infrared camera,kamera termowizyjna,2748
to appeal,do odwołania,2749
pre-approved mortgage,wstępną akceptację hipotecznych,2750
southpaw,mańkut,2751
pull off,ściągać,2752
before he was sent to the canvas,zanim został wysłany na płótnie,2753
had pulled ahead,pociągnął do przodu,2754
barely,ledwo,2755
unleashed,uwolniona,2756
rocked,kołysał,2757
is indispensable,jest niezbędna,2758
"of bailouts,","z akcji ratunkowych,",2759
deter,powstrzymać,2760
justified,usprawiedliwiony,2761
spit on,napluć na,2762
departing,odlatujących,2763
dejected,przygnębiony,2764
undertake,podjąć,2765
shavitz's likeness is featured on the burt's bees products,podobieństwo shavitz jest opisywany na produkty burt bees na,2766
sniff out,wywęszyć,2767
perpetually,permanentnie,2768
the jagged,postrzępione,2769
what does he plan to do here,co on zamierza zrobić tutaj,2770
was she vampire too,czy zostala ona wampirzycą,2771
pull me away,mnie odciągnąć,2772
leant over,pochylił się nad,2773
beside her,obok niej,2774
leaning out,wychylając się,2775
wreck,wrak,2776
cruel,okrutny,2777
restless,niespokojny,2778
swap,zamiana,2779
"i get the impression though that some people never pay and believe they come out ahead even with the occasional fine. it’s hard to tell though, but i have yet to see a ticket inspector.","mam wrażenie jednak, że niektórzy ludzie nigdy nie płacą i wierzę, że wyjdzie do przodu, nawet od czasu do czasu grzywny. trudno jednak powiedzieć, ale muszę jeszcze zobaczyć konduktora.",2780
to facilitate,ułatwić,2781
overdue,spóźniony,2782
i will seek a qualified polygraph examiner to put to rest any and all allegations.,postaram się z wykwalifikowanym kłamstw egzaminatora do rozwiane wszelkie zarzuty.,2783
officer in charge in prison,oficer w więzieniu,2784
outrageous,skandaliczny,2785
girl – allegedly – does so reluctantly.,dziewczyna - rzekomo - nie tak niechętnie.,2786
reluctantly.,niechętnie.,2787
endanger,narazić,2788
were greeted,powitał,2789
neglected,zaniedbany,2790
flimsy allegation,słaby zarzut,2791
spitting,plucie,2792
legalese and gobbledygook,uwagi prawne i bełkot,2793
when engaging,angażując,2794
comprehend them,zrozumieć ich,2795
ebony,heban,2796
and worships a large crystal,i czci duży kryształ,2797
"and slipped the jewel into the palm
of her hand","i wsunął klejnot w dłoni
 jej z ręki",2798
"he is leaning over
a desk covered with papers","jest on oparty na
biurko pokryte papierami",2799
he utters one cry of joy,wypowiada jeden okrzyk radości,2800
thimble,naparstek,2801
"lanterns hanging to the masts
of the ships","lampiony wiszące na masztach
 statków",2802
over the roofs of the town,nad dachami miasta,2803
in his beak,w jego dziobie,2804
agility,zwinność,2805
like withered leaves,jak zwiędłe liście,2806
"sword-hilt
bring her the ruby out of my sword-hilt","rękojeść miecza
 przyniósł jej rubin z mojej rękojeści miecza",2807
sword-hilt,rękojeść miecza,2808
she is a seamstress,ona jest krawcową,2809
she has coarse,ona ma grube,2810
drenched me,zalewasz mnie,2811
call a spade a spade,nazwać rzeczy po imieniu,2812
sewers,kanalizacji,2813
secluded,zaciszne,2814
give me away,give me away,2815
sniffed angrily,prychnęła gniewnie,2816
pavement,chodnik,2817
"he chuckled and
muttered","zaśmiał się i 
mruknął",2818
the cat's tail twitched,ogon kota drgnął,2819
drifting into an uneasy sleep,dryfuje w niespokojny sen,2820
peered down,spojrzał w dół,2821
purse,zaciskać usta,2822
snapped,warknął,2823
mumbled,wymamrotał,2824
downpour,ulewa,2825
dursley stood rooted to the spot,dursley stanęła wryta,2826
rectangle,prostokąt,2827
unbearable,nieznośny,2828
treason,zdrada,2829
cocky,zarozumiały,2830
regret,żałować,2831
property,właściwość,2832
sneak peak,zajawka,2833
privilege,przywilej,2834
legible,czytelny,2835
finder,znalazca,2836
founder,założyciel,2837
unless,chyba że,2838
weep,płakać,2839
feature,właściwość,2840
properties,właściwości,2841
negligent,niedbały,2842
repel,budzić wstręt w kimś,2843
repeal,uchylać,2844
retrieve,wyszukać informacje,2845
upset,zdenerwowany,2846
mock,drwić,2847
syringe,strzykawka,2848
crucial,istotny,2849
distinguish,rozróżniać,2850
clue,wskazówka,2851
lavish,rozrzutny,2852
confident,pewność,2853
pot,garnek,2854
rye,żyto,2855
redemption,odkupienie,2856
justifies,uzasadnia,2857
scar,blizna,2858
